,state,Year,All Disasters Cost Range
0,AL,1980,1000-2000
1,AL,1981,250-500
2,AL,1982,5-100
3,AL,1983,500-1000
4,AL,1984,0-0
5,AL,1985,500-1000
6,AL,1986,250-500
7,AL,1987,0-0
8,AL,1988,1000-2000
9,AL,1989,5-100
10,AL,1990,0-0
11,AL,1991,100-250
12,AL,1992,5-100
13,AL,1993,500-1000
14,AL,1994,1000-2000
15,AL,1995,1000-2000
16,AL,1996,0-0
17,AL,1997,0-0
18,AL,1998,1000-2000
19,AL,1999,250-500
20,AL,2000,500-1000
21,AL,2001,0-0
22,AL,2002,1000-2000
23,AL,2003,100-250
24,AL,2004,5000-10000
25,AL,2005,5000-10000
26,AL,2006,500-1000
27,AL,2007,250-500
28,AL,2008,250-500
29,AL,2009,500-1000
30,AL,2010,0-0
31,AL,2011,5000-10000
32,AL,2012,250-500
33,AL,2013,250-500
34,AL,2014,500-1000
35,AL,2015,5-100
36,AL,2016,100-250
37,AL,2017,1000-2000
38,AL,2018,2000-5000
39,AL,2019,100-250
40,AL,2020,5000-10000
41,AL,2021,500-1000
42,AL,2022,250-500
43,AL,2023,250-500
0,AK,1980,0-0
1,AK,1981,0-0
2,AK,1982,0-0
3,AK,1983,0-0
4,AK,1984,0-0
5,AK,1985,0-0
6,AK,1986,0-0
7,AK,1987,0-0
8,AK,1988,0-0
9,AK,1989,0-0
10,AK,1990,0-0
11,AK,1991,0-0
12,AK,1992,0-0
13,AK,1993,0-0
14,AK,1994,0-0
15,AK,1995,0-0
16,AK,1996,0-0
17,AK,1997,0-0
18,AK,1998,0-0
19,AK,1999,0-0
20,AK,2000,0-0
21,AK,2001,0-0
22,AK,2002,250-500
23,AK,2003,100-250
24,AK,2004,0-0
25,AK,2005,0-0
26,AK,2006,5-100
27,AK,2007,100-250
28,AK,2008,0-0
29,AK,2009,500-1000
30,AK,2010,0-0
31,AK,2011,0-0
32,AK,2012,0-0
33,AK,2013,0-0
34,AK,2014,0-0
35,AK,2015,250-500
36,AK,2016,0-0
37,AK,2017,0-0
38,AK,2018,0-0
39,AK,2019,250-500
40,AK,2020,0-0
41,AK,2021,0-0
42,AK,2022,5-100
43,AK,2023,0-0
0,AZ,1980,0-0
1,AZ,1981,0-0
2,AZ,1982,0-0
3,AZ,1983,1000-2000
4,AZ,1984,0-0
5,AZ,1985,0-0
6,AZ,1986,0-0
7,AZ,1987,0-0
8,AZ,1988,0-0
9,AZ,1989,0-0
10,AZ,1990,0-0
11,AZ,1991,0-0
12,AZ,1992,0-0
13,AZ,1993,0-0
14,AZ,1994,100-250
15,AZ,1995,0-0
16,AZ,1996,0-0
17,AZ,1997,0-0
18,AZ,1998,0-0
19,AZ,1999,0-0
20,AZ,2000,100-250
21,AZ,2001,0-0
22,AZ,2002,250-500
23,AZ,2003,250-500
24,AZ,2004,0-0
25,AZ,2005,0-0
26,AZ,2006,100-250
27,AZ,2007,100-250
28,AZ,2008,5-100
29,AZ,2009,5-100
30,AZ,2010,5000-10000
31,AZ,2011,100-250
32,AZ,2012,5-100
33,AZ,2013,5-100
34,AZ,2014,5-100
35,AZ,2015,5-100
36,AZ,2016,5-100
37,AZ,2017,5-100
38,AZ,2018,5-100
39,AZ,2019,0-0
40,AZ,2020,100-250
41,AZ,2021,250-500
42,AZ,2022,100-250
43,AZ,2023,0-0
0,AR,1980,500-1000
1,AR,1981,0-0
2,AR,1982,100-250
3,AR,1983,2000-5000
4,AR,1984,5-100
5,AR,1985,5-100
6,AR,1986,500-1000
7,AR,1987,0-0
8,AR,1988,1000-2000
9,AR,1989,5-100
10,AR,1990,250-500
11,AR,1991,0-0
12,AR,1992,5-100
13,AR,1993,0-0
14,AR,1994,250-500
15,AR,1995,5-100
16,AR,1996,5-100
17,AR,1997,100-250
18,AR,1998,250-500
19,AR,1999,250-500
20,AR,2000,250-500
21,AR,2001,5-100
22,AR,2002,5-100
23,AR,2003,100-250
24,AR,2004,0-0
25,AR,2005,100-250
26,AR,2006,250-500
27,AR,2007,250-500
28,AR,2008,1000-2000
29,AR,2009,250-500
30,AR,2010,5-100
31,AR,2011,2000-5000
32,AR,2012,100-250
33,AR,2013,0-0
34,AR,2014,250-500
35,AR,2015,250-500
36,AR,2016,500-1000
37,AR,2017,500-1000
38,AR,2018,100-250
39,AR,2019,1000-2000
40,AR,2020,1000-2000
41,AR,2021,500-1000
42,AR,2022,1000-2000
43,AR,2023,500-1000
0,CA,1980,0-0
1,CA,1981,0-0
2,CA,1982,0-0
3,CA,1983,2000-5000
4,CA,1984,0-0
5,CA,1985,0-0
6,CA,1986,1000-2000
7,CA,1987,0-0
8,CA,1988,0-0
9,CA,1989,0-0
10,CA,1990,5000-10000
11,CA,1991,5000-10000
12,CA,1992,0-0
13,CA,1993,2000-5000
14,CA,1994,250-500
15,CA,1995,5000-10000
16,CA,1996,0-0
17,CA,1997,2000-5000
18,CA,1998,5000-10000
19,CA,1999,0-0
20,CA,2000,250-500
21,CA,2001,0-0
22,CA,2002,250-500
23,CA,2003,5000-10000
24,CA,2004,0-0
25,CA,2005,0-0
26,CA,2006,100-250
27,CA,2007,2000-5000
28,CA,2008,1000-2000
29,CA,2009,500-1000
30,CA,2010,0-0
31,CA,2011,0-0
32,CA,2012,250-500
33,CA,2013,250-500
34,CA,2014,1000-2000
35,CA,2015,5000-10000
36,CA,2016,2000-5000
37,CA,2017,20000-50000
38,CA,2018,20000-50000
39,CA,2019,2000-5000
40,CA,2020,10000-20000
41,CA,2021,5000-10000
42,CA,2022,2000-5000
43,CA,2023,2000-5000
0,CO,1980,0-0
1,CO,1981,0-0
2,CO,1982,100-250
3,CO,1983,100-250
4,CO,1984,1000-2000
5,CO,1985,0-0
6,CO,1986,100-250
7,CO,1987,0-0
8,CO,1988,0-0
9,CO,1989,250-500
10,CO,1990,2000-5000
11,CO,1991,0-0
12,CO,1992,0-0
13,CO,1993,0-0
14,CO,1994,250-500
15,CO,1995,0-0
16,CO,1996,250-500
17,CO,1997,0-0
18,CO,1998,0-0
19,CO,1999,0-0
20,CO,2000,500-1000
21,CO,2001,5-100
22,CO,2002,500-1000
23,CO,2003,250-500
24,CO,2004,1000-2000
25,CO,2005,0-0
26,CO,2006,250-500
27,CO,2007,0-0
28,CO,2008,500-1000
29,CO,2009,1000-2000
30,CO,2010,500-1000
31,CO,2011,1000-2000
32,CO,2012,2000-5000
33,CO,2013,2000-5000
34,CO,2014,2000-5000
35,CO,2015,500-1000
36,CO,2016,1000-2000
37,CO,2017,2000-5000
38,CO,2018,5000-10000
39,CO,2019,1000-2000
40,CO,2020,1000-2000
41,CO,2021,2000-5000
42,CO,2022,1000-2000
43,CO,2023,0-0
0,CT,1980,0-0
1,CT,1981,0-0
2,CT,1982,5-100
3,CT,1983,5-100
4,CT,1984,5-100
5,CT,1985,250-500
6,CT,1986,0-0
7,CT,1987,0-0
8,CT,1988,0-0
9,CT,1989,5-100
10,CT,1990,0-0
11,CT,1991,100-250
12,CT,1992,250-500
13,CT,1993,250-500
14,CT,1994,100-250
15,CT,1995,0-0
16,CT,1996,500-1000
17,CT,1997,5-100
18,CT,1998,5-100
19,CT,1999,100-250
20,CT,2000,0-0
21,CT,2001,0-0
22,CT,2002,0-0
23,CT,2003,0-0
24,CT,2004,0-0
25,CT,2005,0-0
26,CT,2006,0-0
27,CT,2007,100-250
28,CT,2008,5-100
29,CT,2009,0-0
30,CT,2010,250-500
31,CT,2011,1000-2000
32,CT,2012,2000-5000
33,CT,2013,0-0
34,CT,2014,0-0
35,CT,2015,100-250
36,CT,2016,5-100
37,CT,2017,0-0
38,CT,2018,250-500
39,CT,2019,5-100
40,CT,2020,500-1000
41,CT,2021,1000-2000
42,CT,2022,100-250
43,CT,2023,100-250
0,DE,1980,0-0
1,DE,1981,0-0
2,DE,1982,5-100
3,DE,1983,5-100
4,DE,1984,0-0
5,DE,1985,100-250
6,DE,1986,0-0
7,DE,1987,0-0
8,DE,1988,0-0
9,DE,1989,0-0
10,DE,1990,0-0
11,DE,1991,0-0
12,DE,1992,5-100
13,DE,1993,250-500
14,DE,1994,100-250
15,DE,1995,5-100
16,DE,1996,100-250
17,DE,1997,0-0
18,DE,1998,0-0
19,DE,1999,100-250
20,DE,2000,0-0
21,DE,2001,0-0
22,DE,2002,100-250
23,DE,2003,100-250
24,DE,2004,100-250
25,DE,2005,0-0
26,DE,2006,5-100
27,DE,2007,100-250
28,DE,2008,0-0
29,DE,2009,0-0
30,DE,2010,5-100
31,DE,2011,250-500
32,DE,2012,250-500
33,DE,2013,0-0
34,DE,2014,100-250
35,DE,2015,5-100
36,DE,2016,0-0
37,DE,2017,0-0
38,DE,2018,5-100
39,DE,2019,0-0
40,DE,2020,100-250
41,DE,2021,5-100
42,DE,2022,5-100
43,DE,2023,0-0
0,FL,1980,0-0
1,FL,1981,1000-2000
2,FL,1982,5-100
3,FL,1983,2000-5000
4,FL,1984,5-100
5,FL,1985,5000-10000
6,FL,1986,0-0
7,FL,1987,0-0
8,FL,1988,0-0
9,FL,1989,5000-10000
10,FL,1990,0-0
11,FL,1991,0-0
12,FL,1992,50000-100000
13,FL,1993,2000-5000
14,FL,1994,100-250
15,FL,1995,5000-10000
16,FL,1996,0-0
17,FL,1997,0-0
18,FL,1998,2000-5000
19,FL,1999,250-500
20,FL,2000,1000-2000
21,FL,2001,5-100
22,FL,2002,100-250
23,FL,2003,5-100
24,FL,2004,50000-100000
25,FL,2005,20000-50000
26,FL,2006,250-500
27,FL,2007,250-500
28,FL,2008,5-100
29,FL,2009,0-0
30,FL,2010,0-0
31,FL,2011,5-100
32,FL,2012,100-250
33,FL,2013,0-0
34,FL,2014,250-500
35,FL,2015,100-250
36,FL,2016,2000-5000
37,FL,2017,20000-50000
38,FL,2018,20000-50000
39,FL,2019,250-500
40,FL,2020,5000-10000
41,FL,2021,500-1000
42,FL,2022,100000-200000
43,FL,2023,5-100
0,GA,1980,1000-2000
1,GA,1981,0-0
2,GA,1982,5-100
3,GA,1983,500-1000
4,GA,1984,5-100
5,GA,1985,100-250
6,GA,1986,500-1000
7,GA,1987,0-0
8,GA,1988,0-0
9,GA,1989,5-100
10,GA,1990,0-0
11,GA,1991,100-250
12,GA,1992,100-250
13,GA,1993,1000-2000
14,GA,1994,1000-2000
15,GA,1995,1000-2000
16,GA,1996,0-0
17,GA,1997,100-250
18,GA,1998,500-1000
19,GA,1999,500-1000
20,GA,2000,500-1000
21,GA,2001,0-0
22,GA,2002,500-1000
23,GA,2003,100-250
24,GA,2004,2000-5000
25,GA,2005,250-500
26,GA,2006,500-1000
27,GA,2007,1000-2000
28,GA,2008,1000-2000
29,GA,2009,2000-5000
30,GA,2010,100-250
31,GA,2011,2000-5000
32,GA,2012,100-250
33,GA,2013,500-1000
34,GA,2014,250-500
35,GA,2015,250-500
36,GA,2016,1000-2000
37,GA,2017,2000-5000
38,GA,2018,5000-10000
39,GA,2019,100-250
40,GA,2020,2000-5000
41,GA,2021,500-1000
42,GA,2022,1000-2000
43,GA,2023,500-1000
0,HI,1980,0-0
1,HI,1981,0-0
2,HI,1982,0-0
3,HI,1983,0-0
4,HI,1984,0-0
5,HI,1985,0-0
6,HI,1986,0-0
7,HI,1987,0-0
8,HI,1988,0-0
9,HI,1989,0-0
10,HI,1990,0-0
11,HI,1991,0-0
12,HI,1992,5000-10000
13,HI,1993,0-0
14,HI,1994,0-0
15,HI,1995,0-0
16,HI,1996,0-0
17,HI,1997,0-0
18,HI,1998,0-0
19,HI,1999,0-0
20,HI,2000,0-0
21,HI,2001,0-0
22,HI,2002,0-0
23,HI,2003,0-0
24,HI,2004,0-0
25,HI,2005,0-0
26,HI,2006,0-0
27,HI,2007,0-0
28,HI,2008,0-0
29,HI,2009,0-0
30,HI,2010,0-0
31,HI,2011,0-0
32,HI,2012,0-0
33,HI,2013,0-0
34,HI,2014,0-0
35,HI,2015,0-0
36,HI,2016,0-0
37,HI,2017,0-0
38,HI,2018,0-0
39,HI,2019,0-0
40,HI,2020,0-0
41,HI,2021,0-0
42,HI,2022,0-0
43,HI,2023,0-0
0,ID,1980,0-0
1,ID,1981,0-0
2,ID,1982,0-0
3,ID,1983,5-100
4,ID,1984,0-0
5,ID,1985,0-0
6,ID,1986,0-0
7,ID,1987,0-0
8,ID,1988,1000-2000
9,ID,1989,0-0
10,ID,1990,100-250
11,ID,1991,0-0
12,ID,1992,0-0
13,ID,1993,0-0
14,ID,1994,0-0
15,ID,1995,0-0
16,ID,1996,250-500
17,ID,1997,250-500
18,ID,1998,0-0
19,ID,1999,0-0
20,ID,2000,250-500
21,ID,2001,0-0
22,ID,2002,100-250
23,ID,2003,250-500
24,ID,2004,0-0
25,ID,2005,0-0
26,ID,2006,100-250
27,ID,2007,250-500
28,ID,2008,250-500
29,ID,2009,100-250
30,ID,2010,0-0
31,ID,2011,5-100
32,ID,2012,250-500
33,ID,2013,100-250
34,ID,2014,100-250
35,ID,2015,250-500
36,ID,2016,100-250
37,ID,2017,100-250
38,ID,2018,100-250
39,ID,2019,0-0
40,ID,2020,100-250
41,ID,2021,500-1000
42,ID,2022,250-500
43,ID,2023,0-0
0,IL,1980,1000-2000
1,IL,1981,0-0
2,IL,1982,500-1000
3,IL,1983,100-250
4,IL,1984,5-100
5,IL,1985,5-100
6,IL,1986,0-0
7,IL,1987,0-0
8,IL,1988,2000-5000
9,IL,1989,1000-2000
10,IL,1990,0-0
11,IL,1991,2000-5000
12,IL,1992,0-0
13,IL,1993,5000-10000
14,IL,1994,100-250
15,IL,1995,250-500
16,IL,1996,0-0
17,IL,1997,0-0
18,IL,1998,100-250
19,IL,1999,100-250
20,IL,2000,0-0
21,IL,2001,100-250
22,IL,2002,500-1000
23,IL,2003,1000-2000
24,IL,2004,5-100
25,IL,2005,500-1000
26,IL,2006,500-1000
27,IL,2007,100-250
28,IL,2008,1000-2000
29,IL,2009,500-1000
30,IL,2010,500-1000
31,IL,2011,2000-5000
32,IL,2012,5000-10000
33,IL,2013,2000-5000
34,IL,2014,1000-2000
35,IL,2015,500-1000
36,IL,2016,250-500
37,IL,2017,1000-2000
38,IL,2018,500-1000
39,IL,2019,2000-5000
40,IL,2020,2000-5000
41,IL,2021,1000-2000
42,IL,2022,1000-2000
43,IL,2023,1000-2000
0,IN,1980,0-0
1,IN,1981,0-0
2,IN,1982,250-500
3,IN,1983,100-250
4,IN,1984,0-0
5,IN,1985,5-100
6,IN,1986,0-0
7,IN,1987,0-0
8,IN,1988,2000-5000
9,IN,1989,5-100
10,IN,1990,0-0
11,IN,1991,1000-2000
12,IN,1992,5-100
13,IN,1993,1000-2000
14,IN,1994,100-250
15,IN,1995,100-250
16,IN,1996,0-0
17,IN,1997,0-0
18,IN,1998,100-250
19,IN,1999,100-250
20,IN,2000,0-0
21,IN,2001,100-250
22,IN,2002,500-1000
23,IN,2003,250-500
24,IN,2004,5-100
25,IN,2005,0-0
26,IN,2006,2000-5000
27,IN,2007,250-500
28,IN,2008,2000-5000
29,IN,2009,0-0
30,IN,2010,5-100
31,IN,2011,1000-2000
32,IN,2012,2000-5000
33,IN,2013,1000-2000
34,IN,2014,500-1000
35,IN,2015,100-250
36,IN,2016,250-500
37,IN,2017,250-500
38,IN,2018,100-250
39,IN,2019,1000-2000
40,IN,2020,500-1000
41,IN,2021,1000-2000
42,IN,2022,500-1000
43,IN,2023,500-1000
0,IA,1980,1000-2000
1,IA,1981,0-0
2,IA,1982,100-250
3,IA,1983,5-100
4,IA,1984,0-0
5,IA,1985,5-100
6,IA,1986,0-0
7,IA,1987,0-0
8,IA,1988,2000-5000
9,IA,1989,500-1000
10,IA,1990,0-0
11,IA,1991,500-1000
12,IA,1992,0-0
13,IA,1993,10000-20000
14,IA,1994,5-100
15,IA,1995,0-0
16,IA,1996,0-0
17,IA,1997,0-0
18,IA,1998,250-500
19,IA,1999,0-0
20,IA,2000,250-500
21,IA,2001,100-250
22,IA,2002,0-0
23,IA,2003,1000-2000
24,IA,2004,5-100
25,IA,2005,5-100
26,IA,2006,250-500
27,IA,2007,5-100
28,IA,2008,5000-10000
29,IA,2009,5-100
30,IA,2010,5-100
31,IA,2011,2000-5000
32,IA,2012,2000-5000
33,IA,2013,1000-2000
34,IA,2014,500-1000
35,IA,2015,100-250
36,IA,2016,0-0
37,IA,2017,500-1000
38,IA,2018,500-1000
39,IA,2019,2000-5000
40,IA,2020,10000-20000
41,IA,2021,1000-2000
42,IA,2022,500-1000
43,IA,2023,500-1000
0,KS,1980,1000-2000
1,KS,1981,5-100
2,KS,1982,250-500
3,KS,1983,5-100
4,KS,1984,0-0
5,KS,1985,0-0
6,KS,1986,0-0
7,KS,1987,0-0
8,KS,1988,1000-2000
9,KS,1989,1000-2000
10,KS,1990,0-0
11,KS,1991,500-1000
12,KS,1992,1000-2000
13,KS,1993,1000-2000
14,KS,1994,5-100
15,KS,1995,0-0
16,KS,1996,500-1000
17,KS,1997,0-0
18,KS,1998,5-100
19,KS,1999,100-250
20,KS,2000,500-1000
21,KS,2001,100-250
22,KS,2002,1000-2000
23,KS,2003,1000-2000
24,KS,2004,0-0
25,KS,2005,0-0
26,KS,2006,1000-2000
27,KS,2007,5-100
28,KS,2008,1000-2000
29,KS,2009,250-500
30,KS,2010,100-250
31,KS,2011,2000-5000
32,KS,2012,2000-5000
33,KS,2013,2000-5000
34,KS,2014,1000-2000
35,KS,2015,100-250
36,KS,2016,250-500
37,KS,2017,250-500
38,KS,2018,250-500
39,KS,2019,1000-2000
40,KS,2020,1000-2000
41,KS,2021,500-1000
42,KS,2022,2000-5000
43,KS,2023,5-100
0,KY,1980,1000-2000
1,KY,1981,0-0
2,KY,1982,100-250
3,KY,1983,1000-2000
4,KY,1984,0-0
5,KY,1985,5-100
6,KY,1986,0-0
7,KY,1987,0-0
8,KY,1988,1000-2000
9,KY,1989,5-100
10,KY,1990,0-0
11,KY,1991,5-100
12,KY,1992,5-100
13,KY,1993,250-500
14,KY,1994,250-500
15,KY,1995,0-0
16,KY,1996,5-100
17,KY,1997,250-500
18,KY,1998,5-100
19,KY,1999,500-1000
20,KY,2000,0-0
21,KY,2001,5-100
22,KY,2002,2000-5000
23,KY,2003,250-500
24,KY,2004,100-250
25,KY,2005,5-100
26,KY,2006,250-500
27,KY,2007,500-1000
28,KY,2008,1000-2000
29,KY,2009,500-1000
30,KY,2010,100-250
31,KY,2011,500-1000
32,KY,2012,2000-5000
33,KY,2013,5-100
34,KY,2014,100-250
35,KY,2015,250-500
36,KY,2016,250-500
37,KY,2017,500-1000
38,KY,2018,100-250
39,KY,2019,100-250
40,KY,2020,250-500
41,KY,2021,2000-5000
42,KY,2022,1000-2000
43,KY,2023,2000-5000
0,LA,1980,2000-5000
1,LA,1981,5-100
2,LA,1982,5-100
3,LA,1983,2000-5000
4,LA,1984,0-0
5,LA,1985,2000-5000
6,LA,1986,250-500
7,LA,1987,0-0
8,LA,1988,1000-2000
9,LA,1989,500-1000
10,LA,1990,250-500
11,LA,1991,0-0
12,LA,1992,2000-5000
13,LA,1993,250-500
14,LA,1994,5-100
15,LA,1995,5000-10000
16,LA,1996,0-0
17,LA,1997,0-0
18,LA,1998,500-1000
19,LA,1999,250-500
20,LA,2000,1000-2000
21,LA,2001,500-1000
22,LA,2002,2000-5000
23,LA,2003,100-250
24,LA,2004,1000-2000
25,LA,2005,100000-200000
26,LA,2006,100-250
27,LA,2007,5-100
28,LA,2008,5000-10000
29,LA,2009,100-250
30,LA,2010,0-0
31,LA,2011,500-1000
32,LA,2012,2000-5000
33,LA,2013,500-1000
34,LA,2014,0-0
35,LA,2015,100-250
36,LA,2016,10000-20000
37,LA,2017,500-1000
38,LA,2018,100-250
39,LA,2019,1000-2000
40,LA,2020,20000-50000
41,LA,2021,50000-100000
42,LA,2022,250-500
43,LA,2023,5-100
0,ME,1980,0-0
1,ME,1981,0-0
2,ME,1982,5-100
3,ME,1983,0-0
4,ME,1984,0-0
5,ME,1985,5-100
6,ME,1986,0-0
7,ME,1987,0-0
8,ME,1988,0-0
9,ME,1989,5-100
10,ME,1990,0-0
11,ME,1991,100-250
12,ME,1992,0-0
13,ME,1993,100-250
14,ME,1994,5-100
15,ME,1995,0-0
16,ME,1996,250-500
17,ME,1997,5-100
18,ME,1998,500-1000
19,ME,1999,250-500
20,ME,2000,0-0
21,ME,2001,0-0
22,ME,2002,0-0
23,ME,2003,0-0
24,ME,2004,0-0
25,ME,2005,0-0
26,ME,2006,0-0
27,ME,2007,100-250
28,ME,2008,0-0
29,ME,2009,0-0
30,ME,2010,0-0
31,ME,2011,0-0
32,ME,2012,0-0
33,ME,2013,0-0
34,ME,2014,0-0
35,ME,2015,5-100
36,ME,2016,5-100
37,ME,2017,0-0
38,ME,2018,5-100
39,ME,2019,0-0
40,ME,2020,0-0
41,ME,2021,0-0
42,ME,2022,5-100
43,ME,2023,100-250
0,MD,1980,0-0
1,MD,1981,0-0
2,MD,1982,5-100
3,MD,1983,5-100
4,MD,1984,5-100
5,MD,1985,100-250
6,MD,1986,0-0
7,MD,1987,0-0
8,MD,1988,1000-2000
9,MD,1989,0-0
10,MD,1990,0-0
11,MD,1991,0-0
12,MD,1992,5-100
13,MD,1993,250-500
14,MD,1994,100-250
15,MD,1995,5-100
16,MD,1996,1000-2000
17,MD,1997,0-0
18,MD,1998,5-100
19,MD,1999,500-1000
20,MD,2000,0-0
21,MD,2001,0-0
22,MD,2002,500-1000
23,MD,2003,2000-5000
24,MD,2004,100-250
25,MD,2005,0-0
26,MD,2006,100-250
27,MD,2007,100-250
28,MD,2008,100-250
29,MD,2009,5-100
30,MD,2010,500-1000
31,MD,2011,1000-2000
32,MD,2012,1000-2000
33,MD,2013,0-0
34,MD,2014,250-500
35,MD,2015,250-500
36,MD,2016,100-250
37,MD,2017,5-100
38,MD,2018,1000-2000
39,MD,2019,5-100
40,MD,2020,500-1000
41,MD,2021,250-500
42,MD,2022,250-500
43,MD,2023,100-250
0,MA,1980,0-0
1,MA,1981,0-0
2,MA,1982,5-100
3,MA,1983,5-100
4,MA,1984,5-100
5,MA,1985,100-250
6,MA,1986,0-0
7,MA,1987,0-0
8,MA,1988,0-0
9,MA,1989,0-0
10,MA,1990,0-0
11,MA,1991,2000-5000
12,MA,1992,250-500
13,MA,1993,250-500
14,MA,1994,100-250
15,MA,1995,0-0
16,MA,1996,1000-2000
17,MA,1997,5-100
18,MA,1998,100-250
19,MA,1999,100-250
20,MA,2000,0-0
21,MA,2001,0-0
22,MA,2002,0-0
23,MA,2003,0-0
24,MA,2004,0-0
25,MA,2005,0-0
26,MA,2006,0-0
27,MA,2007,100-250
28,MA,2008,0-0
29,MA,2009,0-0
30,MA,2010,250-500
31,MA,2011,500-1000
32,MA,2012,250-500
33,MA,2013,0-0
34,MA,2014,0-0
35,MA,2015,500-1000
36,MA,2016,5-100
37,MA,2017,0-0
38,MA,2018,500-1000
39,MA,2019,5-100
40,MA,2020,250-500
41,MA,2021,250-500
42,MA,2022,100-250
43,MA,2023,500-1000
0,MI,1980,0-0
1,MI,1981,0-0
2,MI,1982,100-250
3,MI,1983,5-100
4,MI,1984,0-0
5,MI,1985,5-100
6,MI,1986,1000-2000
7,MI,1987,0-0
8,MI,1988,1000-2000
9,MI,1989,0-0
10,MI,1990,0-0
11,MI,1991,100-250
12,MI,1992,0-0
13,MI,1993,0-0
14,MI,1994,0-0
15,MI,1995,0-0
16,MI,1996,0-0
17,MI,1997,0-0
18,MI,1998,250-500
19,MI,1999,5-100
20,MI,2000,0-0
21,MI,2001,5-100
22,MI,2002,0-0
23,MI,2003,250-500
24,MI,2004,100-250
25,MI,2005,0-0
26,MI,2006,5-100
27,MI,2007,100-250
28,MI,2008,500-1000
29,MI,2009,0-0
30,MI,2010,0-0
31,MI,2011,100-250
32,MI,2012,500-1000
33,MI,2013,250-500
34,MI,2014,1000-2000
35,MI,2015,100-250
36,MI,2016,5-100
37,MI,2017,500-1000
38,MI,2018,100-250
39,MI,2019,500-1000
40,MI,2020,250-500
41,MI,2021,1000-2000
42,MI,2022,250-500
43,MI,2023,100-250
0,MN,1980,2000-5000
1,MN,1981,0-0
2,MN,1982,100-250
3,MN,1983,5-100
4,MN,1984,0-0
5,MN,1985,5-100
6,MN,1986,0-0
7,MN,1987,0-0
8,MN,1988,2000-5000
9,MN,1989,0-0
10,MN,1990,0-0
11,MN,1991,100-250
12,MN,1992,0-0
13,MN,1993,2000-5000
14,MN,1994,5-100
15,MN,1995,0-0
16,MN,1996,0-0
17,MN,1997,1000-2000
18,MN,1998,2000-5000
19,MN,1999,0-0
20,MN,2000,0-0
21,MN,2001,500-1000
22,MN,2002,0-0
23,MN,2003,500-1000
24,MN,2004,0-0
25,MN,2005,0-0
26,MN,2006,1000-2000
27,MN,2007,250-500
28,MN,2008,2000-5000
29,MN,2009,0-0
30,MN,2010,0-0
31,MN,2011,1000-2000
32,MN,2012,500-1000
33,MN,2013,2000-5000
34,MN,2014,0-0
35,MN,2015,0-0
36,MN,2016,0-0
37,MN,2017,2000-5000
38,MN,2018,0-0
39,MN,2019,500-1000
40,MN,2020,1000-2000
41,MN,2021,1000-2000
42,MN,2022,5000-10000
43,MN,2023,5-100
0,MS,1980,1000-2000
1,MS,1981,0-0
2,MS,1982,5-100
3,MS,1983,2000-5000
4,MS,1984,0-0
5,MS,1985,1000-2000
6,MS,1986,1000-2000
7,MS,1987,0-0
8,MS,1988,1000-2000
9,MS,1989,100-250
10,MS,1990,0-0
11,MS,1991,0-0
12,MS,1992,100-250
13,MS,1993,100-250
14,MS,1994,2000-5000
15,MS,1995,250-500
16,MS,1996,0-0
17,MS,1997,5-100
18,MS,1998,2000-5000
19,MS,1999,250-500
20,MS,2000,250-500
21,MS,2001,5-100
22,MS,2002,500-1000
23,MS,2003,250-500
24,MS,2004,500-1000
25,MS,2005,50000-100000
26,MS,2006,250-500
27,MS,2007,100-250
28,MS,2008,1000-2000
29,MS,2009,100-250
30,MS,2010,0-0
31,MS,2011,2000-5000
32,MS,2012,500-1000
33,MS,2013,1000-2000
34,MS,2014,500-1000
35,MS,2015,5-100
36,MS,2016,100-250
37,MS,2017,500-1000
38,MS,2018,100-250
39,MS,2019,500-1000
40,MS,2020,1000-2000
41,MS,2021,500-1000
42,MS,2022,250-500
43,MS,2023,250-500
0,MO,1980,1000-2000
1,MO,1981,0-0
2,MO,1982,250-500
3,MO,1983,250-500
4,MO,1984,5-100
5,MO,1985,5-100
6,MO,1986,0-0
7,MO,1987,0-0
8,MO,1988,1000-2000
9,MO,1989,500-1000
10,MO,1990,0-0
11,MO,1991,250-500
12,MO,1992,0-0
13,MO,1993,10000-20000
14,MO,1994,100-250
15,MO,1995,5-100
16,MO,1996,5-100
17,MO,1997,0-0
18,MO,1998,5-100
19,MO,1999,5-100
20,MO,2000,0-0
21,MO,2001,2000-5000
22,MO,2002,250-500
23,MO,2003,1000-2000
24,MO,2004,250-500
25,MO,2005,250-500
26,MO,2006,1000-2000
27,MO,2007,500-1000
28,MO,2008,500-1000
29,MO,2009,250-500
30,MO,2010,0-0
31,MO,2011,5000-10000
32,MO,2012,5000-10000
33,MO,2013,1000-2000
34,MO,2014,500-1000
35,MO,2015,1000-2000
36,MO,2016,500-1000
37,MO,2017,1000-2000
38,MO,2018,250-500
39,MO,2019,2000-5000
40,MO,2020,2000-5000
41,MO,2021,500-1000
42,MO,2022,1000-2000
43,MO,2023,1000-2000
0,MT,1980,2000-5000
1,MT,1981,0-0
2,MT,1982,0-0
3,MT,1983,5-100
4,MT,1984,0-0
5,MT,1985,0-0
6,MT,1986,0-0
7,MT,1987,0-0
8,MT,1988,2000-5000
9,MT,1989,0-0
10,MT,1990,100-250
11,MT,1991,0-0
12,MT,1992,0-0
13,MT,1993,0-0
14,MT,1994,0-0
15,MT,1995,0-0
16,MT,1996,0-5
17,MT,1997,5-100
18,MT,1998,0-0
19,MT,1999,0-0
20,MT,2000,500-1000
21,MT,2001,0-0
22,MT,2002,500-1000
23,MT,2003,500-1000
24,MT,2004,0-0
25,MT,2005,0-0
26,MT,2006,500-1000
27,MT,2007,100-250
28,MT,2008,250-500
29,MT,2009,0-0
30,MT,2010,0-0
31,MT,2011,100-250
32,MT,2012,250-500
33,MT,2013,0-0
34,MT,2014,500-1000
35,MT,2015,250-500
36,MT,2016,250-500
37,MT,2017,2000-5000
38,MT,2018,250-500
39,MT,2019,0-0
40,MT,2020,100-250
41,MT,2021,1000-2000
42,MT,2022,500-1000
43,MT,2023,0-0
0,NE,1980,2000-5000
1,NE,1981,0-0
2,NE,1982,5-100
3,NE,1983,5-100
4,NE,1984,0-0
5,NE,1985,0-0
6,NE,1986,0-0
7,NE,1987,0-0
8,NE,1988,1000-2000
9,NE,1989,500-1000
10,NE,1990,0-0
11,NE,1991,0-0
12,NE,1992,0-0
13,NE,1993,1000-2000
14,NE,1994,5-100
15,NE,1995,0-0
16,NE,1996,0-0
17,NE,1997,0-0
18,NE,1998,0-0
19,NE,1999,5-100
20,NE,2000,500-1000
21,NE,2001,500-1000
22,NE,2002,1000-2000
23,NE,2003,1000-2000
24,NE,2004,250-500
25,NE,2005,0-0
26,NE,2006,500-1000
27,NE,2007,5-100
28,NE,2008,250-500
29,NE,2009,100-250
30,NE,2010,0-0
31,NE,2011,500-1000
32,NE,2012,2000-5000
33,NE,2013,2000-5000
34,NE,2014,1000-2000
35,NE,2015,100-250
36,NE,2016,1000-2000
37,NE,2017,1000-2000
38,NE,2018,100-250
39,NE,2019,2000-5000
40,NE,2020,500-1000
41,NE,2021,500-1000
42,NE,2022,2000-5000
43,NE,2023,0-0
0,NV,1980,0-0
1,NV,1981,0-0
2,NV,1982,0-0
3,NV,1983,0-0
4,NV,1984,0-0
5,NV,1985,0-0
6,NV,1986,5-100
7,NV,1987,0-0
8,NV,1988,0-0
9,NV,1989,5-100
10,NV,1990,0-0
11,NV,1991,0-0
12,NV,1992,0-0
13,NV,1993,0-0
14,NV,1994,5-100
15,NV,1995,0-0
16,NV,1996,0-0
17,NV,1997,1000-2000
18,NV,1998,0-0
19,NV,1999,0-0
20,NV,2000,0-0
21,NV,2001,0-0
22,NV,2002,5-100
23,NV,2003,5-100
24,NV,2004,0-0
25,NV,2005,0-0
26,NV,2006,250-500
27,NV,2007,100-250
28,NV,2008,5-100
29,NV,2009,0-0
30,NV,2010,0-0
31,NV,2011,5-100
32,NV,2012,100-250
33,NV,2013,5-100
34,NV,2014,5-100
35,NV,2015,5-100
36,NV,2016,5-100
37,NV,2017,100-250
38,NV,2018,5-100
39,NV,2019,0-0
40,NV,2020,100-250
41,NV,2021,100-250
42,NV,2022,5-100
43,NV,2023,0-0
0,NH,1980,0-0
1,NH,1981,0-0
2,NH,1982,5-100
3,NH,1983,0-0
4,NH,1984,0-0
5,NH,1985,5-100
6,NH,1986,0-0
7,NH,1987,0-0
8,NH,1988,0-0
9,NH,1989,5-100
10,NH,1990,0-0
11,NH,1991,0-0
12,NH,1992,0-0
13,NH,1993,100-250
14,NH,1994,5-100
15,NH,1995,0-0
16,NH,1996,0-0
17,NH,1997,5-100
18,NH,1998,500-1000
19,NH,1999,5-100
20,NH,2000,0-0
21,NH,2001,0-0
22,NH,2002,0-0
23,NH,2003,0-0
24,NH,2004,0-0
25,NH,2005,0-0
26,NH,2006,0-0
27,NH,2007,100-250
28,NH,2008,0-0
29,NH,2009,0-0
30,NH,2010,0-0
31,NH,2011,250-500
32,NH,2012,5-100
33,NH,2013,0-0
34,NH,2014,0-0
35,NH,2015,5-100
36,NH,2016,5-100
37,NH,2017,0-0
38,NH,2018,5-100
39,NH,2019,0-0
40,NH,2020,0-0
41,NH,2021,0-0
42,NH,2022,5-100
43,NH,2023,5-100
0,NJ,1980,0-0
1,NJ,1981,0-0
2,NJ,1982,5-100
3,NJ,1983,5-100
4,NJ,1984,500-1000
5,NJ,1985,500-1000
6,NJ,1986,0-0
7,NJ,1987,0-0
8,NJ,1988,0-0
9,NJ,1989,0-0
10,NJ,1990,0-0
11,NJ,1991,0-0
12,NJ,1992,2000-5000
13,NJ,1993,250-500
14,NJ,1994,250-500
15,NJ,1995,5-100
16,NJ,1996,500-1000
17,NJ,1997,100-250
18,NJ,1998,5-100
19,NJ,1999,1000-2000
20,NJ,2000,0-0
21,NJ,2001,100-250
22,NJ,2002,100-250
23,NJ,2003,100-250
24,NJ,2004,100-250
25,NJ,2005,0-0
26,NJ,2006,100-250
27,NJ,2007,1000-2000
28,NJ,2008,100-250
29,NJ,2009,0-0
30,NJ,2010,500-1000
31,NJ,2011,5000-10000
32,NJ,2012,20000-50000
33,NJ,2013,0-0
34,NJ,2014,250-500
35,NJ,2015,500-1000
36,NJ,2016,5-100
37,NJ,2017,0-0
38,NJ,2018,250-500
39,NJ,2019,100-250
40,NJ,2020,1000-2000
41,NJ,2021,10000-20000
42,NJ,2022,250-500
43,NJ,2023,100-250
0,NM,1980,0-0
1,NM,1981,0-0
2,NM,1982,0-0
3,NM,1983,0-0
4,NM,1984,0-0
5,NM,1985,0-0
6,NM,1986,0-0
7,NM,1987,0-0
8,NM,1988,0-0
9,NM,1989,0-0
10,NM,1990,0-0
11,NM,1991,0-0
12,NM,1992,0-0
13,NM,1993,0-0
14,NM,1994,5-100
15,NM,1995,5-100
16,NM,1996,100-250
17,NM,1997,0-0
18,NM,1998,0-0
19,NM,1999,0-0
20,NM,2000,500-1000
21,NM,2001,0-0
22,NM,2002,250-500
23,NM,2003,100-250
24,NM,2004,0-0
25,NM,2005,0-0
26,NM,2006,250-500
27,NM,2007,0-0
28,NM,2008,500-1000
29,NM,2009,250-500
30,NM,2010,100-250
31,NM,2011,500-1000
32,NM,2012,250-500
33,NM,2013,250-500
34,NM,2014,100-250
35,NM,2015,250-500
36,NM,2016,0-0
37,NM,2017,100-250
38,NM,2018,5-100
39,NM,2019,0-0
40,NM,2020,100-250
41,NM,2021,250-500
42,NM,2022,1000-2000
43,NM,2023,0-0
0,NY,1980,0-0
1,NY,1981,0-0
2,NY,1982,5-100
3,NY,1983,5-100
4,NY,1984,100-250
5,NY,1985,500-1000
6,NY,1986,0-0
7,NY,1987,0-0
8,NY,1988,0-0
9,NY,1989,5-100
10,NY,1990,0-0
11,NY,1991,250-500
12,NY,1992,1000-2000
13,NY,1993,500-1000
14,NY,1994,250-500
15,NY,1995,0-0
16,NY,1996,500-1000
17,NY,1997,5-100
18,NY,1998,500-1000
19,NY,1999,250-500
20,NY,2000,0-0
21,NY,2001,0-0
22,NY,2002,100-250
23,NY,2003,250-500
24,NY,2004,500-1000
25,NY,2005,0-0
26,NY,2006,1000-2000
27,NY,2007,500-1000
28,NY,2008,100-250
29,NY,2009,0-0
30,NY,2010,500-1000
31,NY,2011,5000-10000
32,NY,2012,20000-50000
33,NY,2013,5-100
34,NY,2014,500-1000
35,NY,2015,250-500
36,NY,2016,100-250
37,NY,2017,250-500
38,NY,2018,500-1000
39,NY,2019,100-250
40,NY,2020,1000-2000
41,NY,2021,10000-20000
42,NY,2022,500-1000
43,NY,2023,250-500
0,NC,1980,2000-5000
1,NC,1981,0-0
2,NC,1982,5-100
3,NC,1983,2000-5000
4,NC,1984,250-500
5,NC,1985,100-250
6,NC,1986,500-1000
7,NC,1987,0-0
8,NC,1988,0-0
9,NC,1989,2000-5000
10,NC,1990,0-0
11,NC,1991,5-100
12,NC,1992,100-250
13,NC,1993,1000-2000
14,NC,1994,100-250
15,NC,1995,100-250
16,NC,1996,5000-10000
17,NC,1997,5-100
18,NC,1998,1000-2000
19,NC,1999,5000-10000
20,NC,2000,100-250
21,NC,2001,0-0
22,NC,2002,500-1000
23,NC,2003,1000-2000
24,NC,2004,2000-5000
25,NC,2005,5-100
26,NC,2006,0-0
27,NC,2007,500-1000
28,NC,2008,250-500
29,NC,2009,250-500
30,NC,2010,5-100
31,NC,2011,5000-10000
32,NC,2012,100-250
33,NC,2013,0-0
34,NC,2014,100-250
35,NC,2015,250-500
36,NC,2016,5000-10000
37,NC,2017,500-1000
38,NC,2018,20000-50000
39,NC,2019,1000-2000
40,NC,2020,1000-2000
41,NC,2021,500-1000
42,NC,2022,1000-2000
43,NC,2023,5-100
0,ND,1980,5000-10000
1,ND,1981,0-0
2,ND,1982,5-100
3,ND,1983,5-100
4,ND,1984,0-0
5,ND,1985,0-0
6,ND,1986,0-0
7,ND,1987,0-0
8,ND,1988,5000-10000
9,ND,1989,500-1000
10,ND,1990,0-0
11,ND,1991,0-0
12,ND,1992,0-0
13,ND,1993,2000-5000
14,ND,1994,0-0
15,ND,1995,0-0
16,ND,1996,0-0
17,ND,1997,2000-5000
18,ND,1998,0-0
19,ND,1999,0-0
20,ND,2000,0-0
21,ND,2001,0-0
22,ND,2002,500-1000
23,ND,2003,250-500
24,ND,2004,0-0
25,ND,2005,0-0
26,ND,2006,500-1000
27,ND,2007,0-0
28,ND,2008,1000-2000
29,ND,2009,0-0
30,ND,2010,0-0
31,ND,2011,250-500
32,ND,2012,250-500
33,ND,2013,500-1000
34,ND,2014,0-0
35,ND,2015,5-100
36,ND,2016,0-0
37,ND,2017,1000-2000
38,ND,2018,0-0
39,ND,2019,500-1000
40,ND,2020,250-500
41,ND,2021,2000-5000
42,ND,2022,100-250
43,ND,2023,0-0
0,OH,1980,0-0
1,OH,1981,0-0
2,OH,1982,100-250
3,OH,1983,100-250
4,OH,1984,0-0
5,OH,1985,500-1000
6,OH,1986,0-0
7,OH,1987,0-0
8,OH,1988,1000-2000
9,OH,1989,5-100
10,OH,1990,0-0
11,OH,1991,500-1000
12,OH,1992,5-100
13,OH,1993,250-500
14,OH,1994,100-250
15,OH,1995,5-100
16,OH,1996,100-250
17,OH,1997,250-500
18,OH,1998,500-1000
19,OH,1999,500-1000
20,OH,2000,0-0
21,OH,2001,500-1000
22,OH,2002,1000-2000
23,OH,2003,250-500
24,OH,2004,250-500
25,OH,2005,100-250
26,OH,2006,500-1000
27,OH,2007,250-500
28,OH,2008,2000-5000
29,OH,2009,500-1000
30,OH,2010,0-0
31,OH,2011,2000-5000
32,OH,2012,2000-5000
33,OH,2013,5-100
34,OH,2014,500-1000
35,OH,2015,100-250
36,OH,2016,5-100
37,OH,2017,250-500
38,OH,2018,5-100
39,OH,2019,2000-5000
40,OH,2020,500-1000
41,OH,2021,500-1000
42,OH,2022,1000-2000
43,OH,2023,1000-2000
0,OK,1980,1000-2000
1,OK,1981,5-100
2,OK,1982,100-250
3,OK,1983,5-100
4,OK,1984,0-0
5,OK,1985,5-100
6,OK,1986,0-0
7,OK,1987,0-0
8,OK,1988,1000-2000
9,OK,1989,5-100
10,OK,1990,250-500
11,OK,1991,250-500
12,OK,1992,250-500
13,OK,1993,0-0
14,OK,1994,100-250
15,OK,1995,100-250
16,OK,1996,500-1000
17,OK,1997,0-0
18,OK,1998,250-500
19,OK,1999,2000-5000
20,OK,2000,250-500
21,OK,2001,5-100
22,OK,2002,250-500
23,OK,2003,2000-5000
24,OK,2004,5-100
25,OK,2005,0-0
26,OK,2006,500-1000
27,OK,2007,500-1000
28,OK,2008,500-1000
29,OK,2009,1000-2000
30,OK,2010,2000-5000
31,OK,2011,2000-5000
32,OK,2012,2000-5000
33,OK,2013,2000-5000
34,OK,2014,500-1000
35,OK,2015,500-1000
36,OK,2016,250-500
37,OK,2017,500-1000
38,OK,2018,250-500
39,OK,2019,2000-5000
40,OK,2020,1000-2000
41,OK,2021,1000-2000
42,OK,2022,1000-2000
43,OK,2023,100-250
0,OR,1980,0-0
1,OR,1981,0-0
2,OR,1982,0-0
3,OR,1983,100-250
4,OR,1984,0-0
5,OR,1985,0-0
6,OR,1986,5-100
7,OR,1987,0-0
8,OR,1988,0-0
9,OR,1989,0-0
10,OR,1990,100-250
11,OR,1991,100-250
12,OR,1992,0-0
13,OR,1993,0-0
14,OR,1994,100-250
15,OR,1995,0-0
16,OR,1996,1000-2000
17,OR,1997,250-500
18,OR,1998,0-0
19,OR,1999,0-0
20,OR,2000,250-500
21,OR,2001,0-0
22,OR,2002,500-1000
23,OR,2003,250-500
24,OR,2004,0-0
25,OR,2005,100-250
26,OR,2006,100-250
27,OR,2007,250-500
28,OR,2008,250-500
29,OR,2009,250-500
30,OR,2010,0-0
31,OR,2011,5-100
32,OR,2012,100-250
33,OR,2013,250-500
34,OR,2014,250-500
35,OR,2015,250-500
36,OR,2016,5-100
37,OR,2017,500-1000
38,OR,2018,250-500
39,OR,2019,0-0
40,OR,2020,2000-5000
41,OR,2021,1000-2000
42,OR,2022,500-1000
43,OR,2023,0-0
0,PA,1980,0-0
1,PA,1981,0-0
2,PA,1982,100-250
3,PA,1983,100-250
4,PA,1984,5-100
5,PA,1985,1000-2000
6,PA,1986,0-0
7,PA,1987,0-0
8,PA,1988,0-0
9,PA,1989,5-100
10,PA,1990,0-0
11,PA,1991,100-250
12,PA,1992,100-250
13,PA,1993,250-500
14,PA,1994,250-500
15,PA,1995,5-100
16,PA,1996,500-1000
17,PA,1997,5-100
18,PA,1998,250-500
19,PA,1999,1000-2000
20,PA,2000,0-0
21,PA,2001,500-1000
22,PA,2002,500-1000
23,PA,2003,250-500
24,PA,2004,2000-5000
25,PA,2005,0-0
26,PA,2006,500-1000
27,PA,2007,100-250
28,PA,2008,500-1000
29,PA,2009,250-500
30,PA,2010,500-1000
31,PA,2011,2000-5000
32,PA,2012,1000-2000
33,PA,2013,0-0
34,PA,2014,1000-2000
35,PA,2015,250-500
36,PA,2016,5-100
37,PA,2017,5-100
38,PA,2018,500-1000
39,PA,2019,1000-2000
40,PA,2020,1000-2000
41,PA,2021,2000-5000
42,PA,2022,500-1000
43,PA,2023,500-1000
0,RI,1980,0-0
1,RI,1981,0-0
2,RI,1982,5-100
3,RI,1983,5-100
4,RI,1984,5-100
5,RI,1985,100-250
6,RI,1986,0-0
7,RI,1987,0-0
8,RI,1988,0-0
9,RI,1989,0-0
10,RI,1990,0-0
11,RI,1991,500-1000
12,RI,1992,5-100
13,RI,1993,100-250
14,RI,1994,100-250
15,RI,1995,0-0
16,RI,1996,5-100
17,RI,1997,5-100
18,RI,1998,5-100
19,RI,1999,100-250
20,RI,2000,0-0
21,RI,2001,0-0
22,RI,2002,0-0
23,RI,2003,0-0
24,RI,2004,0-0
25,RI,2005,0-0
26,RI,2006,0-0
27,RI,2007,5-100
28,RI,2008,0-0
29,RI,2009,0-0
30,RI,2010,100-250
31,RI,2011,250-500
32,RI,2012,250-500
33,RI,2013,0-0
34,RI,2014,0-0
35,RI,2015,100-250
36,RI,2016,5-100
37,RI,2017,0-0
38,RI,2018,100-250
39,RI,2019,0-0
40,RI,2020,5-100
41,RI,2021,5-100
42,RI,2022,5-100
43,RI,2023,100-250
0,SC,1980,1000-2000
1,SC,1981,0-0
2,SC,1982,5-100
3,SC,1983,250-500
4,SC,1984,250-500
5,SC,1985,5-100
6,SC,1986,250-500
7,SC,1987,0-0
8,SC,1988,0-0
9,SC,1989,10000-20000
10,SC,1990,0-0
11,SC,1991,5-100
12,SC,1992,0-0
13,SC,1993,500-1000
14,SC,1994,100-250
15,SC,1995,5-100
16,SC,1996,100-250
17,SC,1997,0-0
18,SC,1998,500-1000
19,SC,1999,500-1000
20,SC,2000,250-500
21,SC,2001,0-0
22,SC,2002,250-500
23,SC,2003,5-100
24,SC,2004,1000-2000
25,SC,2005,0-0
26,SC,2006,0-0
27,SC,2007,250-500
28,SC,2008,250-500
29,SC,2009,100-250
30,SC,2010,100-250
31,SC,2011,1000-2000
32,SC,2012,100-250
33,SC,2013,0-0
34,SC,2014,500-1000
35,SC,2015,2000-5000
36,SC,2016,2000-5000
37,SC,2017,500-1000
38,SC,2018,2000-5000
39,SC,2019,250-500
40,SC,2020,1000-2000
41,SC,2021,250-500
42,SC,2022,1000-2000
43,SC,2023,0-0
0,SD,1980,1000-2000
1,SD,1981,0-0
2,SD,1982,0-0
3,SD,1983,5-100
4,SD,1984,5-100
5,SD,1985,0-0
6,SD,1986,0-0
7,SD,1987,0-0
8,SD,1988,1000-2000
9,SD,1989,500-1000
10,SD,1990,0-0
11,SD,1991,0-0
12,SD,1992,0-0
13,SD,1993,1000-2000
14,SD,1994,5-100
15,SD,1995,0-0
16,SD,1996,0-0
17,SD,1997,250-500
18,SD,1998,5-100
19,SD,1999,0-0
20,SD,2000,0-0
21,SD,2001,0-0
22,SD,2002,1000-2000
23,SD,2003,500-1000
24,SD,2004,0-0
25,SD,2005,250-500
26,SD,2006,1000-2000
27,SD,2007,0-0
28,SD,2008,0-0
29,SD,2009,0-0
30,SD,2010,0-0
31,SD,2011,500-1000
32,SD,2012,1000-2000
33,SD,2013,500-1000
34,SD,2014,100-250
35,SD,2015,5-100
36,SD,2016,0-0
37,SD,2017,500-1000
38,SD,2018,0-0
39,SD,2019,2000-5000
40,SD,2020,100-250
41,SD,2021,1000-2000
42,SD,2022,2000-5000
43,SD,2023,0-0
0,TN,1980,1000-2000
1,TN,1981,0-0
2,TN,1982,100-250
3,TN,1983,250-500
4,TN,1984,0-0
5,TN,1985,5-100
6,TN,1986,500-1000
7,TN,1987,0-0
8,TN,1988,1000-2000
9,TN,1989,5-100
10,TN,1990,0-0
11,TN,1991,5-100
12,TN,1992,5-100
13,TN,1993,500-1000
14,TN,1994,100-250
15,TN,1995,100-250
16,TN,1996,100-250
17,TN,1997,100-250
18,TN,1998,500-1000
19,TN,1999,250-500
20,TN,2000,250-500
21,TN,2001,0-0
22,TN,2002,500-1000
23,TN,2003,2000-5000
24,TN,2004,100-250
25,TN,2005,100-250
26,TN,2006,1000-2000
27,TN,2007,250-500
28,TN,2008,1000-2000
29,TN,2009,500-1000
30,TN,2010,2000-5000
31,TN,2011,5000-10000
32,TN,2012,2000-5000
33,TN,2013,5-100
34,TN,2014,100-250
35,TN,2015,250-500
36,TN,2016,1000-2000
37,TN,2017,500-1000
38,TN,2018,100-250
39,TN,2019,250-500
40,TN,2020,2000-5000
41,TN,2021,1000-2000
42,TN,2022,500-1000
43,TN,2023,1000-2000
0,TX,1980,2000-5000
1,TX,1981,1000-2000
2,TX,1982,500-1000
3,TX,1983,5000-10000
4,TX,1984,0-0
5,TX,1985,100-250
6,TX,1986,0-0
7,TX,1987,0-0
8,TX,1988,1000-2000
9,TX,1989,2000-5000
10,TX,1990,1000-2000
11,TX,1991,0-0
12,TX,1992,2000-5000
13,TX,1993,250-500
14,TX,1994,2000-5000
15,TX,1995,5000-10000
16,TX,1996,2000-5000
17,TX,1997,5-100
18,TX,1998,2000-5000
19,TX,1999,250-500
20,TX,2000,2000-5000
21,TX,2001,10000-20000
22,TX,2002,1000-2000
23,TX,2003,2000-5000
24,TX,2004,0-0
25,TX,2005,10000-20000
26,TX,2006,2000-5000
27,TX,2007,500-1000
28,TX,2008,20000-50000
29,TX,2009,5000-10000
30,TX,2010,100-250
31,TX,2011,10000-20000
32,TX,2012,5000-10000
33,TX,2013,2000-5000
34,TX,2014,2000-5000
35,TX,2015,5000-10000
36,TX,2016,10000-20000
37,TX,2017,100000-200000
38,TX,2018,2000-5000
39,TX,2019,10000-20000
40,TX,2020,5000-10000
41,TX,2021,20000-50000
42,TX,2022,5000-10000
43,TX,2023,1000-2000
0,UT,1980,0-0
1,UT,1981,0-0
2,UT,1982,0-0
3,UT,1983,1000-2000
4,UT,1984,0-0
5,UT,1985,0-0
6,UT,1986,0-0
7,UT,1987,0-0
8,UT,1988,0-0
9,UT,1989,5-100
10,UT,1990,0-0
11,UT,1991,0-0
12,UT,1992,0-0
13,UT,1993,0-0
14,UT,1994,100-250
15,UT,1995,0-0
16,UT,1996,0-0
17,UT,1997,0-0
18,UT,1998,0-0
19,UT,1999,0-0
20,UT,2000,0-0
21,UT,2001,0-0
22,UT,2002,5-100
23,UT,2003,250-500
24,UT,2004,0-0
25,UT,2005,0-0
26,UT,2006,5-100
27,UT,2007,100-250
28,UT,2008,5-100
29,UT,2009,0-0
30,UT,2010,0-0
31,UT,2011,0-0
32,UT,2012,5-100
33,UT,2013,5-100
34,UT,2014,5-100
35,UT,2015,5-100
36,UT,2016,0-0
37,UT,2017,0-0
38,UT,2018,500-1000
39,UT,2019,0-0
40,UT,2020,100-250
41,UT,2021,100-250
42,UT,2022,5-100
43,UT,2023,0-0
0,VT,1980,0-0
1,VT,1981,0-0
2,VT,1982,5-100
3,VT,1983,0-0
4,VT,1984,0-0
5,VT,1985,5-100
6,VT,1986,0-0
7,VT,1987,0-0
8,VT,1988,0-0
9,VT,1989,5-100
10,VT,1990,0-0
11,VT,1991,0-0
12,VT,1992,0-0
13,VT,1993,100-250
14,VT,1994,5-100
15,VT,1995,0-0
16,VT,1996,0-0
17,VT,1997,5-100
18,VT,1998,500-1000
19,VT,1999,100-250
20,VT,2000,0-0
21,VT,2001,0-0
22,VT,2002,0-0
23,VT,2003,0-0
24,VT,2004,0-0
25,VT,2005,0-0
26,VT,2006,0-0
27,VT,2007,5-100
28,VT,2008,0-0
29,VT,2009,0-0
30,VT,2010,0-0
31,VT,2011,1000-2000
32,VT,2012,0-0
33,VT,2013,0-0
34,VT,2014,0-0
35,VT,2015,0-0
36,VT,2016,5-100
37,VT,2017,0-0
38,VT,2018,5-100
39,VT,2019,0-0
40,VT,2020,0-0
41,VT,2021,0-0
42,VT,2022,5-100
43,VT,2023,5-100
0,VA,1980,1000-2000
1,VA,1981,0-0
2,VA,1982,5-100
3,VA,1983,250-500
4,VA,1984,5-100
5,VA,1985,2000-5000
6,VA,1986,100-250
7,VA,1987,0-0
8,VA,1988,0-0
9,VA,1989,5-100
10,VA,1990,0-0
11,VA,1991,0-0
12,VA,1992,5-100
13,VA,1993,500-1000
14,VA,1994,100-250
15,VA,1995,5-100
16,VA,1996,500-1000
17,VA,1997,0-0
18,VA,1998,500-1000
19,VA,1999,500-1000
20,VA,2000,5-100
21,VA,2001,0-0
22,VA,2002,500-1000
23,VA,2003,2000-5000
24,VA,2004,250-500
25,VA,2005,5-100
26,VA,2006,100-250
27,VA,2007,250-500
28,VA,2008,250-500
29,VA,2009,5-100
30,VA,2010,100-250
31,VA,2011,2000-5000
32,VA,2012,1000-2000
33,VA,2013,0-0
34,VA,2014,100-250
35,VA,2015,250-500
36,VA,2016,1000-2000
37,VA,2017,100-250
38,VA,2018,1000-2000
39,VA,2019,100-250
40,VA,2020,500-1000
41,VA,2021,500-1000
42,VA,2022,500-1000
43,VA,2023,100-250
0,WA,1980,0-0
1,WA,1981,0-0
2,WA,1982,0-0
3,WA,1983,100-250
4,WA,1984,0-0
5,WA,1985,0-0
6,WA,1986,0-0
7,WA,1987,0-0
8,WA,1988,0-0
9,WA,1989,0-0
10,WA,1990,100-250
11,WA,1991,250-500
12,WA,1992,0-0
13,WA,1993,0-0
14,WA,1994,100-250
15,WA,1995,0-0
16,WA,1996,500-1000
17,WA,1997,250-500
18,WA,1998,0-0
19,WA,1999,0-0
20,WA,2000,250-500
21,WA,2001,0-0
22,WA,2002,0-0
23,WA,2003,250-500
24,WA,2004,0-0
25,WA,2005,100-250
26,WA,2006,5-100
27,WA,2007,5-100
28,WA,2008,250-500
29,WA,2009,500-1000
30,WA,2010,0-0
31,WA,2011,0-0
32,WA,2012,5-100
33,WA,2013,100-250
34,WA,2014,250-500
35,WA,2015,500-1000
36,WA,2016,5-100
37,WA,2017,250-500
38,WA,2018,100-250
39,WA,2019,0-0
40,WA,2020,250-500
41,WA,2021,1000-2000
42,WA,2022,500-1000
43,WA,2023,0-0
0,DC,1980,0-0
1,DC,1981,0-0
2,DC,1982,0-0
3,DC,1983,0-0
4,DC,1984,0-0
5,DC,1985,0-0
6,DC,1986,0-0
7,DC,1987,0-0
8,DC,1988,0-0
9,DC,1989,0-0
10,DC,1990,0-0
11,DC,1991,0-0
12,DC,1992,0-0
13,DC,1993,0-0
14,DC,1994,0-0
15,DC,1995,0-0
16,DC,1996,0-0
17,DC,1997,0-0
18,DC,1998,0-0
19,DC,1999,0-0
20,DC,2000,0-0
21,DC,2001,0-0
22,DC,2002,0-0
23,DC,2003,0-0
24,DC,2004,0-0
25,DC,2005,0-0
26,DC,2006,0-0
27,DC,2007,0-0
28,DC,2008,0-0
29,DC,2009,0-0
30,DC,2010,0-0
31,DC,2011,0-0
32,DC,2012,0-0
33,DC,2013,0-0
34,DC,2014,0-0
35,DC,2015,0-0
36,DC,2016,0-0
37,DC,2017,0-0
38,DC,2018,0-0
39,DC,2019,0-0
40,DC,2020,0-0
41,DC,2021,0-0
42,DC,2022,0-0
43,DC,2023,0-0
0,WV,1980,0-0
1,WV,1981,0-0
2,WV,1982,5-100
3,WV,1983,5-100
4,WV,1984,0-0
5,WV,1985,1000-2000
6,WV,1986,0-0
7,WV,1987,0-0
8,WV,1988,1000-2000
9,WV,1989,5-100
10,WV,1990,0-0
11,WV,1991,100-250
12,WV,1992,5-100
13,WV,1993,250-500
14,WV,1994,100-250
15,WV,1995,0-0
16,WV,1996,100-250
17,WV,1997,5-100
18,WV,1998,100-250
19,WV,1999,250-500
20,WV,2000,0-0
21,WV,2001,0-0
22,WV,2002,5-100
23,WV,2003,100-250
24,WV,2004,250-500
25,WV,2005,0-0
26,WV,2006,0-0
27,WV,2007,100-250
28,WV,2008,0-0
29,WV,2009,5-100
30,WV,2010,5-100
31,WV,2011,250-500
32,WV,2012,250-500
33,WV,2013,0-0
34,WV,2014,5-100
35,WV,2015,5-100
36,WV,2016,1000-2000
37,WV,2017,5-100
38,WV,2018,5-100
39,WV,2019,5-100
40,WV,2020,5-100
41,WV,2021,5-100
42,WV,2022,5-100
43,WV,2023,5-100
0,WI,1980,0-0
1,WI,1981,0-0
2,WI,1982,5-100
3,WI,1983,5-100
4,WI,1984,0-0
5,WI,1985,5-100
6,WI,1986,0-0
7,WI,1987,0-0
8,WI,1988,1000-2000
9,WI,1989,0-0
10,WI,1990,0-0
11,WI,1991,0-0
12,WI,1992,0-0
13,WI,1993,1000-2000
14,WI,1994,0-0
15,WI,1995,5-100
16,WI,1996,0-0
17,WI,1997,0-0
18,WI,1998,100-250
19,WI,1999,0-0
20,WI,2000,0-0
21,WI,2001,100-250
22,WI,2002,0-0
23,WI,2003,500-1000
24,WI,2004,100-250
25,WI,2005,100-250
26,WI,2006,1000-2000
27,WI,2007,250-500
28,WI,2008,2000-5000
29,WI,2009,0-0
30,WI,2010,500-1000
31,WI,2011,1000-2000
32,WI,2012,1000-2000
33,WI,2013,500-1000
34,WI,2014,5-100
35,WI,2015,5-100
36,WI,2016,0-0
37,WI,2017,500-1000
38,WI,2018,250-500
39,WI,2019,2000-5000
40,WI,2020,100-250
41,WI,2021,250-500
42,WI,2022,2000-5000
43,WI,2023,5-100
0,WY,1980,0-0
1,WY,1981,0-0
2,WY,1982,0-0
3,WY,1983,5-100
4,WY,1984,0-0
5,WY,1985,0-0
6,WY,1986,5-100
7,WY,1987,0-0
8,WY,1988,1000-2000
9,WY,1989,0-0
10,WY,1990,0-0
11,WY,1991,0-0
12,WY,1992,0-0
13,WY,1993,0-0
14,WY,1994,0-0
15,WY,1995,0-0
16,WY,1996,0-0
17,WY,1997,0-0
18,WY,1998,0-0
19,WY,1999,0-0
20,WY,2000,100-250
21,WY,2001,0-0
22,WY,2002,100-250
23,WY,2003,5-100
24,WY,2004,0-0
25,WY,2005,0-0
26,WY,2006,5-100
27,WY,2007,5-100
28,WY,2008,5-100
29,WY,2009,0-0
30,WY,2010,0-0
31,WY,2011,250-500
32,WY,2012,500-1000
33,WY,2013,100-250
34,WY,2014,5-100
35,WY,2015,5-100
36,WY,2016,100-250
37,WY,2017,250-500
38,WY,2018,500-1000
39,WY,2019,5-100
40,WY,2020,100-250
41,WY,2021,250-500
42,WY,2022,5-100
43,WY,2023,0-0
