,1901,1902,1903,1904,1905,1906,1907,1908,1909,1910,1911,1912,1913,1914,1915,1916,1917,1918,1919,1920,1921,1922,1923,1924,1925,1926,1927,1928,1929,1930,1931,1932,1933,1934,1935,1936,1937,1938,1939,1940,1941,1942,1943,1944,1945,1946,1947,1948,1949,1950,1951,1952,1953,1954,1955,1956,1957,1958,1959,1960,1961,1962,1963,1964,1965,1966,1967,1968,1969,1970,1971,1972,1973,1974,1975,1976,1977,1978,1979,1980,1981,1982,1983,1984,1985,1986,1987,1988,1989,1990,1991,1992,1993,1994,1995,1996,1997,1998,1999,2000,2001,2002,2003,2004,2005,2006,2007,2008,2009,2010,2011,2012,2013,2014,2015,2016,2017,2018,2019,2020,2021,2022
Alaska,362.500005,396.7000049999999,421.400006,333.600005,342.10000099999996,396.70000799999997,417.1000073,375.700007,314.2000073,376.80000210000003,412.700011,426.500002,367.30000300000006,384.8,554.400009,398.70000500000003,275.9000043,446.00000000000006,321.60000899999994,410.00001210000005,375.4000050000001,370.6000063,301.9000011,367.40000000000003,307.90000200000003,378.600005,319.500002,295.60000499999995,365.10000099999996,342.6000033,245.20000560000005,373.80000359999997,445.80000200000006,346.20000200000004,424.400005,368.20001,455.000005,419.60000099999996,282.10000700000006,366.50000729999994,409.600002,324.00000309999996,355.400004,474.400001,424.2,483.100005,382.4000053,485.2000123,330.30000129999996,435.90000999999995,329.49999999999994,384.6000029999999,406.000001,317.200001,424.200005,345.300009,326.0000051,380.300001,406.1000093,380.10000199999996,364.70001,358.70000699999997,423.300001,379.20000099999993,367.200001,349.40000009999994,458.7000069999999,428.900001,253.10000810000003,370.40000299999997,377.5000033,380.400003,467.20000200000004,451.70000500000003,263.600002,374.1000049999999,390.700002,296.00000330000006,317.80000200000006,298.000002,361.4000060000001,394.7000021,335.10000199999996,395.000003,447.80000800000005,461.10000800000006,316.7000029999999,374.300002,369.8000011,312.500004,321.400003,328.100006,405.300005,442.40000699999996,395.90000200000003,326.30000099999995,337.10000110000004,324.3000013000001,428.100008,430.10000299999996,438.4000131,356.60000729999996,318.50000229999995,396.100009,341.100003,384.5000113,440.20000400000004,375.10000099999996,310.10000329999997,283.8000063,308.300001,528.4000100000001,372.20000000000005,382.4,280.500001,321.600004,351.100002,435.0000120000001,399.50000800000004,403.000003,479.400002,370.8000033
Alabama,1196.4000049999997,1305.8000220000001,1237.8000100000002,1471.800035,1159.8000190000002,1259.300025,1499.300035,1250.4000050000002,1475.7000249999999,1648.4000260000003,1534.7000099999996,1304.8000300000003,1631.100005,1630.40003,1303.2000049999997,1319.6000000000001,1215.900005,1499.0000240000002,1389.3000149999998,1263.300007,1311.900015,1324.4000199999996,1330.1000099999999,1299.800011,1656.2000119999998,1459.6000150000002,1394.6000069999998,1333.500002,938.4000060000001,1257.100005,1665.500065,1371.2000130000004,1197.30001,1220.3000029999998,1041.300025,1319.4000250000001,1441.600005,1362.100015,1099.300012,1242.6000250000002,1230.600005,1458.70001,1278.4000073,1467.3000000000002,1490.900015,1030.100005,1076.200011,801.0000123,1441.8000100000002,1223.00001,1444.6000069999998,1045.6,1306.60002,1234.5000149999998,1612.0000300000004,1498.800005,1347.000027,1499.5000199999997,1204.600005,1233.900032,1297.600022,1132.000005,1092.5000099999997,1009.7000209999999,1703.9000149999997,1273.900025,1585.800015,1443.3000270000002,1331.5000069999999,1207.6000200000003,1459.900015,1095.800025,1168.5000320000001,1096.600007,1390.20001,1300.500012,1378.700015,1083.400015,1609.4000099999998,1041.4000023,1273.40003,999.30001,1584.4000109999997,1728.30001,1262.800011,1743.6000199999996,1506.0000050000003,1312.8000109999998,1455.9000199999998,1121.400007,1436.100005,1285.900021,1600.0000300000002,1370.3000100000002,1680.3000200000001,1429.90001,1286.0000079999998,1296.3000319999999,1405.1000109999998,899.2000119999999,1462.0000079999998,1476.500005,1376.0000100000002,1413.900005,1483.800007,1172.3000220000001,1397.700025,1468.400005,1417.00001,1216.200002,1117.8000049999998,1410.4000110000002,1399.3999999999999,1325.400012,1538.8,1070.900025,1182.60001,1298.6000200000003,958.9000099999998,1248.3000099999997,1438.4000249999997,1389.800045
Arkansas,1158.100012,1521.6000099999999,952.9000169999999,1161.800015,1138.6000219999999,1345.600005,1596.400017,1241.300012,1266.9000049999997,1201.80002,1071.400022,1150.5000250000003,1482.9000009999997,1266.4000139999998,1250.1000219999999,1027.0,1111.1000050000002,1151.0000320000001,1565.90004,1185.6000099999999,1376.2000119999998,1005.9000143000001,1320.600025,1130.200008,1211.3000011,1345.300017,1496.10001,1118.200002,1242.8000140000001,1361.4000469999996,1519.4000149999997,1253.0000149999998,1233.2000150000001,815.100018,945.300009,1157.1000300000003,1391.3000250000002,1118.700012,996.4000119999998,914.9000009999999,1333.200005,1382.50001,1496.2000150000001,982.600012,1309.8000120000002,1125.90002,1019.20001,1166.4000119999998,1318.200015,944.500012,1292.2000209999999,1532.0000249999998,1473.6000269999997,1385.3000200000001,1131.800012,1264.80001,1274.800005,1266.300002,1068.2000050000001,818.2000109999999,1066.100004,916.0000250000002,1232.40001,1468.400015,1123.3000000000002,1333.2000050000001,1797.1000200000003,1438.400015,1465.700027,1067.800015,1206.30001,1413.300012,1482.400065,1208.300007,1312.9000119999998,1457.2000119999996,1488.00002,1393.400007,1738.900021,1192.4,1535.9000019999999,1429.000019,1426.100045,1264.8000019999997,1342.900022,1535.7000120000002,1306.700015,1366.0000220000002,1268.200006,1139.900012,1318.50002,1238.200015,1238.100017,1315.6000129999998,1367.4000099999996,1187.20001,1121.800014,1288.700001,1068.2000010000002,1054.700013,1322.0000149999998,1126.400007,1232.10002,1732.6000109999998,1685.50002,948.8000069999998,1017.9000069999998,1361.1000069999998,1145.1000119999999,987.7000120000001,1081.300026,1266.700002,1563.200015,1448.9,1383.70002,1127.2,890.2000019999998,1104.8000169999998,1080.500012,1005.600005,1323.80002,1357.200002
Arizona,633.8000049999999,720.3000230000001,590.9000070000001,582.8000003,605.9,693.2000000000002,628.700001,928.4000100000001,552.1999999999999,449.50001,470.100003,392.1000020999999,805.1000000399999,479.100004,352.3000053,480.000003,668.3000150000001,398.9000049999999,352.600004,644.3000070000002,373.40001010000003,407.90000499999996,520.4000010000001,457.6000019999999,328.100003,425.700009,707.7000170000001,581.0,727.200006,614.2000159999999,660.400003,829.600012,651.900011,439.90000634,482.99999999999994,456.20000230000005,358.500009,466.7000020000001,543.700002,271.50000209999996,479.20000630000004,379.80000210000003,615.6000029999999,660.900024,433.000001,549.8000021,582.0000203,704.500001,512.0000021,822.3000119999998,693.5000171,504.40000509999993,490.3000011,356.500001,442.20001,477.30000099999995,522.9000011,426.90001104,784.900011,482.90000100000003,401.100001,366.400005,582.4000090000001,512.200005,471.9000073,539.700003,571.3000070999999,793.7000079999999,521.900007,460.6000021,560.800007,1166.600015,564.8000000000001,509.2000029999999,502.7000100000001,675.2000209999999,573.70001,405.80000299999995,375.500002,479.600002,413.8,609.9000120000001,673.9000081,320.40000499999996,713.90002,498.80000099999995,463.90000109999994,540.8000100999999,592.900005,487.300008,399.000006,417.80001000000004,465.000004,491.60000599999995,519.400006,801.200015,353.9000031,585.4000009999999,623.8000109999999,571.7000033,530.800002,328.00001000000003,417.200005,548.5,680.7000111000001,375.600005,748.900011,446.10000399999996,504.70000200000004,375.300007,422.80000499999994,470.10000099999996,434.300006,486.10000099999996,428.1000132999999,650.6000002999999,504.50000700000004,685.300006,671.0000033,673.400007,452.20000000000005,435.600001
California,514.3000020400001,733.100015,376.200001,460.80000309999997,419.10000109999993,544.900002,554.10001,651.9000000000001,639.1000190000001,425.70000104,513.7000014,266.5000002,496.800009,470.300006,332.00000500000004,465.90000570000007,336.00001,371.200002,575.00000004,433.0000051,274.90000999999995,266.30000400000006,473.300001,313.2000113,322.90000999999995,375.3000031,366.5000043,445.10000110000004,465.80001200000004,469.300001,538.100001,375.90000200000003,459.00000600000004,298.80000199999995,599.0,367.200004,312.300007,394.600005,550.1000059999999,449.40000000000003,418.9,525.900001,706.200006,592.8000049999999,367.50000009999997,566.0000003,485.6000151,574.6000001,280.900001,522.4000003000001,574.6000054,469.400005,315.300001,550.400002,495.900013,411.7000201,256.00000009999997,346.5000001000001,521.8000083000001,464.80000500000006,388.0000051,188.2000001,663.4000053000001,588.400007,515.900001,519.700014,506.3000101,607.5000010000001,480.600006,509.7000100999999,446.90000230000004,693.2000120000001,550.1,371.30001240000007,498.300009,479.40001010000003,358.1000061,489.7000013,617.500007,500.2000001,413.59999999999997,344.90000030000004,379.10000599999995,470.2000105,768.2000351,514.6000112,196.100001,426.20001214,368.20000630000004,319.200009,463.70000029999994,395.00000800000004,456.600006,267.3,384.60000099999996,402.60000610000003,588.7000050000001,299.20000200000004,471.90001099999995,431.40000599999996,232.40000000000003,230.2000071,632.5000000999999,336.2000001,290.8000033,308.200003,655.200005,488.90000000000003,542.700015,372.90001400000006,287.8000023,220.400002,390.6000050399999,488.20000500000003,300.40000399999997,470.7,415.6000061,472.1000074,386.5000063,293.50000700000004,599.4,488.70000429999993
Colorado,490.50000399999993,634.4000080000001,403.30000200000006,503.800004,521.500003,494.90000800000007,463.00000300000005,542.100008,401.200004,491.40000299999997,457.500007,498.40000499999996,481.300003,466.80001400000003,531.800004,481.5,440.000003,443.9000070000001,500.100009,526.200005,511.700007,561.500004,506.4000103000001,471.60000499999995,383.500004,563.8,464.400006,498.8000111,461.2000120000001,500.2000040000001,441.2,571.500004,427.900003,486.300001,516.000006,462.600003,406.4000031,440.100009,524.4000030000001,333.000003,577.500006,526.600012,530.1000049999999,497.80000300000006,417.70000400000004,434.500003,449.00001100000003,455.40000499999996,441.600006,510.30000199999995,593.6000059999999,554.2000119999999,466.400005,454.00000300000005,530.100008,430.10000499999995,444.700011,445.20000300000004,401.900004,445.60000699999995,472.70000500000003,531.400004,558.7000069999999,541.4000000000001,459.0000019999999,547.4,538.900006,515.6000100000001,515.3000030000001,579.6000150000001,380.4000073000001,525.100003,505.200006,506.700003,444.50000499999993,526.900004,564.0000080000001,347.6000013,488.700005,510.20000300000004,391.300001,527.4,501.100005,386.800003,518.6,492.600002,461.40000699999996,430.20000400000004,490.60000199999996,486.4000070000001,516.500004,498.10000299999996,423.900003,560.5000150000001,563.400016,460.400004,343.400003,387.300009,525.3000049999999,450.1000020999999,524.0000060000001,417.700002,515.200005,438.000006,559.800005,348.500004,496.69999999999993,365.400001,433.70000400000004,525.3000033000001,553.300005,514.6000070000001,483.00001000000003,369.500002,500.00000500000004,339.60000299999996,447.600008,457.50000900000003,564.0000050000001,362.200002,427.000002,476.00000499999993
Connecticut,1051.500012,1330.0000069999999,1110.300027,1392.600017,1054.1000169999998,1126.60002,1244.3000069999998,1377.000015,1386.6000199999999,1366.60003,1159.300025,1326.1000049999998,1308.100005,1403.9000250000001,1392.7000249999999,1286.200005,1241.600015,1163.100012,1190.1000159999999,1131.00001,1365.30001,1243.7000153,1089.200015,1299.700027,1541.900007,1490.5000049999999,1301.8000099999997,819.900004,859.600006,1257.4000099999998,1263.60001,1350.500015,789.700011,1227.4000050000002,1104.6000099999999,988.800022,1261.500012,1160.600015,1164.700008,1339.6000199999999,1433.80001,869.600007,1217.6999999999998,1076.100025,1257.8000120000002,1469.6000249999997,1185.300005,1348.8000149999998,1200.70001,926.9000100000001,1382.200005,995.7,1095.600005,1356.5000350000003,1186.000022,1191.1000019999997,1310.8000119999997,1131.600005,1049.800002,1195.50002,1009.9000170000002,1100.400022,969.6000059999999,1238.200015,1170.100005,1394.000015,1408.300037,1012.800007,1119.8000200000001,1236.700017,1299.4000250000001,1163.200025,1322.600015,967.0000059999999,1456.5000169999998,1334.8000300000003,1072.0000220000002,1186.300027,1279.8,1024.200005,1207.600032,1273.1000249999997,1455.8000019999997,1396.5000169999998,1135.000032,1367.80001,1460.10001,1285.6000169999998,1220.90001,1233.30001,1222.700015,1003.800012,1159.100005,1081.200012,924.300002,1477.5000149999998,1340.8000250000002,1371.400017,939.7000099999999,1361.3,988.200007,1271.3000170000003,995.8000240000001,1207.70002,1533.60001,990.8000159999999,1230.800005,1555.500002,1025.700009,1186.700002,1046.600021,1242.5,1152.6000150000002,999.700008,1125.0000269999998,1129.000002,1032.800022,1048.900002,1222.0,1223.200012,1090.700015,1306.80003
District of Columbia,958.2000049999999,1140.3000200000001,1010.600005,1142.0,876.3000079999999,1125.000012,1135.2000099999998,918.5000130000001,1318.100005,1132.700033,1190.2000150000001,1218.4000199999998,1228.3000220000001,1232.000007,1110.0000069999999,1019.4000199999999,1043.700019,1118.200014,1076.100022,982.700008,1075.100017,1117.900005,1192.2000250000003,820.3000119999999,1164.100007,1189.300015,1099.100007,868.200032,751.2000009999999,948.5000070000001,1016.500017,905.4000169999999,822.6000019999999,886.800005,956.500026,919.0000120000002,1031.5000049999999,1070.4999999999998,1015.1000039999999,1070.7000110000001,1109.5000089999996,919.400002,1168.400006,828.7000129999999,931.9000040000001,1284.300002,1031.300011,876.9000090000001,993.4000199999999,707.9,1211.1000099999997,1003.50002,874.500022,1046.300002,1139.9000250000001,1103.70001,1286.8000180000001,821.300007,692.6000070000001,915.2000150000001,751.7000089999999,856.9000110000001,816.6000049999999,1017.200022,1082.90001,976.700019,1212.500012,1357.9000119999998,934.800021,1233.400005,1106.900007,1041.4000079999998,1198.0000200000002,853.8000049999999,1023.8000170000003,1018.8,1109.6000190000002,944.2000149999999,908.1,1017.700007,1162.4000270000001,945.900024,1025.100009,1107.700001,988.500004,1169.1,1221.1000169999998,1103.1,994.6000070000001,1085.000015,1174.6000299999998,1031.2000380000002,1034.00001,1005.8000149999998,831.200009,1247.500005,1193.20001,1118.100025,942.3000099999999,960.700002,890.000005,970.4000149999998,929.8,869.6,1000.40001,866.8000180000001,1035.600017,1056.500005,964.7000140000001,945.50001,772.800005,947.000012,978.90001,953.0000130000001,827.0000009999999,883.9000209999999,836.5000109999999,1121.600005,811.500005,878.10001,1028.2000019999998,1008.1000049999999
Delaware,1001.90001,1412.200022,1118.200026,1146.300015,866.20001,1219.300007,1284.5000149999998,1095.2000200000002,1416.80002,1255.7000070000001,1293.2000289999999,1276.4000219999998,1174.500022,1245.2,1226.4000069999997,1153.600025,1064.10002,1207.200015,1090.900012,1149.5000019999998,1266.4000049999997,1222.400005,1279.400015,1025.70001,1233.300037,1368.500012,1256.50001,833.7000049999999,824.900003,1016.5000070000001,1087.600007,1098.400014,981.7000190000001,1034.0000169999998,1169.2000170000001,952.9000149999999,1192.4000099999998,1141.2000070000001,1088.100005,1215.700015,1299.3000100000004,809.2000050000001,1120.700022,1037.700005,1092.6000119999999,1373.400013,1295.40001,964.100005,1037.000023,839.3000089999999,1292.80003,1043.3999999999999,958.800008,1159.6000119999999,1204.40001,1294.400022,1368.700035,1013.4000120000001,700.3000019999998,1051.7000039999998,877.1000019999999,1022.400002,1028.8999999999999,1040.2000170000001,1136.70001,975.200009,1355.50001,1546.2000299999997,1120.900012,1260.800015,1172.3000089999998,1041.3,1272.4000150000002,994.000014,1241.800024,1154.70001,1379.3999999999999,1072.8000049999998,1078.9000099999998,1079.9000099999998,1296.6000099999999,1220.1000149999998,1226.6000069999998,1428.500025,1163.2000120000002,1345.8000149999998,1513.5000049999999,1367.5000400000001,1277.0000049999999,1095.800005,1205.9000170000002,1012.000002,1307.7000150000001,1148.300007,893.400011,1393.300025,1419.10003,1409.900005,1064.00003,1041.7000150000001,1048.30001,1159.00001,1054.800005,972.4000270000001,1268.200021,871.600005,1195.4,1232.7000300000002,1073.2000170000001,1089.60001,975.8000040000001,1035.600006,1033.900007,1020.300022,928.1000200000001,1086.8000260000001,952.6000020000001,1235.5000149999998,1027.600015,1033.600012,1102.800002,1210.0000049999999
Florida,1241.7000353,1231.5000169999998,1415.4999999999998,1247.5000049999999,1169.0000220000002,1612.4000120000003,1159.0000099999997,1517.0000249999998,1579.0000099999997,1585.500039,1365.5000149999998,1252.100025,1151.900008,1318.500002,1129.500017,1441.70002,1436.5,1297.60002,1341.3000000000002,1274.700006,1322.100002,1552.400011,1489.300035,1474.500002,1859.200007,1317.2000050000001,1410.8000200000001,1256.100007,1086.700007,1238.900037,1418.3000200000001,1031.700017,1323.000015,1507.600026,1351.7000170000001,1308.1000119999999,1122.800012,1379.9000290000001,1315.2,1210.10002,1018.2000150000002,1262.200012,1239.900005,1323.3000140000001,1082.600007,1522.400009,1322.900013,1215.200006,1307.5000069999999,1164.8000149999998,1447.3000169999998,1243.1000219999999,995.0000110999999,1326.20001,1222.0000069999999,1588.0000060000002,1489.3000300000003,1283.200022,1432.4000210000002,1310.80001,1060.700001,1136.900026,1163.1000053,1065.300012,1292.600015,1502.40001,1906.0000449999998,1596.6000100000003,1315.700015,1484.000024,1360.7000099999998,1164.30001,1071.600008,1188.5000049999999,1236.6000159999999,1066.900003,1619.9000170000002,1209.5000330000003,1300.40003,1130.900011,1204.600001,1123.700021,1396.3000200000001,1391.40002,1138.7000340000002,1330.500025,1382.600025,1272.7000099999998,1272.700003,1218.700015,1435.60005,1384.800026,1285.700002,1499.3000120000002,1174.900024,1749.700017,1485.00002,1182.0000080999998,1358.000004,1121.8000109999998,1431.3000169999998,1148.100015,1025.8000169999998,1339.0000019999998,1480.30001,1017.200022,1378.300011,1552.3000049999998,1427.60001,1463.000031,1283.800015,970.5,1120.000018,1337.400025,1220.8000109999998,1345.400015,1313.200022,1664.900015,1274.50001,1430.6000319999998,1321.70003,1285.400027
Georgia,1217.0000209999998,1252.6000199999999,1144.100023,1368.6000300000003,1047.9000171,1154.700009,1391.300005,1129.2000070000001,1380.300005,1467.2000260000002,1336.1000099999999,1205.400025,1219.200028,1430.5000049999999,1160.5000149999996,1237.0000120000002,1170.800015,1229.4000079999998,1315.000011,1052.4000019999999,1223.1000150000002,1082.30002,1226.80002,1139.500002,1667.4000099999998,1199.600022,1156.600006,1276.3000049999998,974.300018,1030.500008,1352.900007,1227.40002,956.500005,1139.8,1090.50002,1284.3000049999998,1083.400005,1355.4999999999998,1115.9,950.4000160000002,979.1000209999997,1200.2000119999998,1029.300017,1252.80001,1059.500014,903.30001,1054.400005,799.2000019999999,1021.700009,1025.300003,1351.2000320000002,1052.5000199999997,1014.400027,1087.0000069999999,1371.5000420000003,1428.20002,1325.8000169999998,1243.4000170000002,1172.800022,1000.8000120000002,1096.9000100000003,1012.60001,843.0000109999999,944.4000110000001,1372.60005,1205.4000251,1505.20002,1257.600015,1122.700026,1187.3000149999998,1061.800002,1160.500012,1090.6000009999998,1224.3000200000001,1338.000027,1159.200007,1104.500012,952.8,1210.30002,1129.100018,999.3000049999999,916.600004,1058.2000170000001,1414.600005,1031.000009,1356.6000250000002,1433.4000099999998,1464.100015,1378.00001,1118.800012,1139.2000109999997,1188.70002,1274.0000249999998,1201.800017,1112.700025,1251.4000119999998,1151.300041,1087.400002,1235.200011,878.8000109999999,1266.200007,1231.400034,1053.20001,1058.300019,1299.300025,796.0000130000001,1112.100031,1182.8000200000001,1203.80001,1240.3000050000003,1156.000012,1000.200026,1019.3000099999999,1170.6000139999999,1064.30001,910.5000049999998,1165.00001,1279.50001,967.5000199999998,967.300018,1062.900016,1016.4000090000001
Hawaii,1799.400015,1709.0000499999996,2098.8000250000005,1674.2000099999998,1481.1000050000002,1250.300012,1611.500001,1407.1000350000002,1355.300015,1424.900005,1336.700015,1576.2000249999999,1807.60003,1495.80001,1500.900025,1609.0,2188.600032,1500.1000069999998,1842.7000300000002,1777.400016,2315.10002,1393.00002,1353.1000200000003,1624.9999999999998,1219.3999999999999,1370.4000099999998,1526.9000019999999,1342.600027,1561.0000149999998,1080.300002,1823.300015,1503.8000350000002,1521.500027,1786.9000099999998,1941.0000400000001,1621.6000139999999,1893.4999999999998,1648.60003,1576.2000309999999,1695.50001,1446.0000149999998,1505.400015,2155.8000150000003,1652.4000099999998,2205.20002,1628.500015,1660.1000150000002,1540.400022,1559.400042,1540.6000199999999,1431.5000099999997,1587.5000149999998,1818.3000299999997,1454.900005,1469.1999999999998,1462.6000149999998,1778.20003,1693.900024,1608.100017,1590.500019,1962.5000049999999,1707.5000149999998,1860.9000449999996,2065.7000199999998,1610.5000149999998,1848.0000199999997,1591.4000250000001,1674.1000120000003,1337.90001,1590.2000049999997,1836.9999999999998,1916.3000310000004,1529.8000169999998,1382.200005,1478.2000150000001,2188.8999999999996,1731.3,1305.6000099999999,2074.4000149999997,1972.2000199999998,2048.1000200000003,1854.5000300000002,1918.800005,2218.50001,1786.00004,1897.900025,2342.2000299999995,1744.6000020000001,1679.4000310000001,1582.3000260000001,1399.700007,1178.800001,1953.1000169999998,1830.600035,1467.4000019999999,1370.00001,1721.0000000000002,1582.00002,1432.40004,1658.000022,2017.4000250000001,1217.900005,1933.9000399999998,1902.50002,1534.000035,1366.0000020000002,1830.7000119999998,1519.6000050000002,1678.2000069999997,1580.900055,1564.9000099999998,1622.7000400000002,1484.400022,1661.7000050000001,2134.60002,1215.70001,1127.4000099999998,1146.20002,1795.0000289999996,1607.4000049999997,1928.700005,1590.9000200000003
Iowa,1018.7999999999998,936.4000040000001,968.4000250000003,771.800007,1161.100011,874.2000010000002,1057.7000189999999,813.90002,748.5000220000001,883.1999999999999,816.1000100000001,824.2000019999998,1099.600012,962.800003,1019.3999999999999,686.4000079999998,886.5000150000001,878.2000079999999,1175.6000049999998,1122.000012,791.4000071,822.100025,869.3000119999999,871.1000113,657.5000203000001,781.1,902.0000012999999,760.800004,766.400012,987.500015,788.4000149999999,1066.500005,841.800007,1005.8000221,721.6000110000001,679.90001,712.200014,773.300006,799.0,951.2000150000001,781.300019,740.5000150000001,1022.6000099999999,744.1000099999998,950.5000103,600.800002,878.1000091000001,1040.100005,827.3000152999998,799.900012,873.800015,893.3000269999999,1185.2000060000005,850.2000273000001,886.200016,660.9000030000001,719.8000020000001,793.1000060000001,729.9000139999999,861.2000009999999,702.4000060000001,744.900005,843.900008,880.5000149999998,744.6000080000001,997.900039,836.3000069999999,1096.200025,791.6999999999999,1184.70002,838.5000110000002,826.8000149999999,660.400007,862.0000120000001,595.3000040000002,949.800005,701.3000010000001,697.000007,1101.900005,780.800013,875.7000169999999,931.700005,922.2000300000002,845.8000170000001,687.5000140000001,857.4,859.3999999999999,980.500015,1065.700015,932.300001,868.7000063,858.400001,761.5000110000001,907.700003,866.1000049999999,945.3000030000001,872.7000059999999,834.2000010999999,759.8000120000002,929.3000180000001,753.6999999999999,882.000006,889.5000250000002,864.9000000000001,951.0000070000001,949.700027,809.1000121000001,908.3000020000001,741.800015,875.700021,439.5,659.6000089999999,870.800008,791.9000059999998,824.100013,699.6000099999999,863.8000149999999,706.4000030000001,811.000013,761.3000099999999,673.5000150000001,884.7000069999999
Idaho,501.30001000000004,568.800007,508.30000600000005,667.000003,517.600004,464.60000400000007,501.7000021,583.8000020000001,625.100001,528.800002,563.9000000000001,514.90000004,369.30000300000006,620.0000090000001,548.8000069999999,746.800012,559.9000081,551.1,559.800003,653.5000029999999,474.10001200000005,447.00000900000003,602.200016,373.800003,655.1000011,543.1000042999999,415.9,586.700004,399.50000099999994,528.1000053,484.500015,508.400003,492.500002,525.90001,543.900008,642.1000000000001,503.000013,484.300002,477.800006,518.3000030000001,576.300009,616.200009,498.6000120000001,576.2000019999999,521.500006,603.0000079999999,471.80000299999995,492.7000123,392.000003,591.9000071,640.1000001,552.0000070000001,511.40000699999996,642.2000213,634.70002,380.6,320.100002,375.10000899999994,431.300001,582.700009,631.000012,532.200002,627.3000049999999,604.60000204,522.600003,432.00000200000005,676.800009,434.500006,398.30000229999996,653.6000080000001,461.70000510000006,605.900005,519.3000069999999,582.3000010999999,459.40001,528.6000019999999,502.000005,612.2000009999999,712.3,569.9000003000001,492.79999999999995,532.1000090000001,581.80001,561.4000120000001,516.600002,413.600006,365.00000100000005,501.70000200000004,424.30000029999997,607.000002,473.40000099999986,569.9000024000001,433.30000800000005,392.900006,457.90001,580.700009,671.0000133,432.80000499999994,489.300004,605.700003,452.20000099999993,444.10000499999995,569.4,485.40001500000005,521.400006,593.300009,446.30000399999994,533.4000080000001,647.500005,516.6000099999999,476.500006,469.4,517.9000080000001,584.400005,529.200006,414.60000099999996,401.400002,583.100009,613.5000150000002,611.6000009999999,542.3000073,650.300002
Illinois,970.3000040000001,945.300014,992.50001,784.9000000000001,1022.8000020000001,1043.4000019999999,1369.00002,907.6999999999999,797.50001,791.2000089999999,858.4000020000001,899.000005,1049.000005,910.900014,1074.90001,886.1000019999999,810.6000150000001,906.9000190000002,1063.300005,1116.7000209999999,979.100011,804.8000120000002,1031.900015,809.300012,727.8000009999998,809.7000069999999,1003.900025,938.3000229999999,791.1000019999999,911.300002,925.4999999999999,1002.0000029999999,885.000014,730.200014,909.700021,740.8000000000001,943.600009,953.2000120000001,953.1000200000001,1002.4000009999999,844.0,713.1999999999999,1110.10001,1024.90001,976.4000023,800.700006,837.600004,951.0000069999999,956.0999999999998,700.8000069999999,954.8000320000001,752.9000120000001,1251.300015,922.0,901.400002,683.500002,826.6000040000001,772.2000049999999,716.8000020000001,692.500005,661.200005,800.4000059999998,1073.6000169999998,1049.700015,977.6999999999999,1015.400005,1135.000009,1105.300005,909.100002,1111.4,889.800011,977.0000029999999,1113.00001,820.1000070000001,700.4000019999999,950.2000120000001,821.700016,912.800015,1295.300027,1032.000002,929.500006,804.400017,1065.100015,924.700002,814.3,980.0000119999999,880.5,850.1000049999999,1095.200004,920.800006,948.8,673.900007,956.800004,1003.200012,854.000011,1003.2000009999997,942.1000220000001,909.100005,868.4000070000001,1104.9000059999998,828.1000100000001,1045.000016,973.000003,1131.500027,927.3000040000002,947.9000060000001,861.5000110000001,778.9000090000001,783.3000099999999,883.9000020000001,617.2000109999999,815.3000030000001,926.7000090000003,959.9,902.0000019999999,632.800001,889.8,809.5000039999999,1064.1000090000002,865.900006,881.700007,913.6000200000001
Indiana,893.300004,1083.300022,989.8,797.0000160000001,990.800005,982.8000320000001,1347.20004,903.800004,908.9000209999999,894.4999999999999,1031.700005,1036.9000010000002,1074.000016,718.700005,1132.6999999999998,833.5000120000001,917.30001,1079.400011,995.7000059999999,780.5000090000001,1129.800015,923.8000000000001,1280.0000049999999,849.9000020000001,1027.000021,758.000005,1101.200022,868.9000019999999,882.100004,964.7000069999999,882.0000150000001,961.9000019999999,940.300027,794.300015,851.1000080000001,972.700012,924.4000039999999,1005.1000120000001,1004.800025,937.2000169999999,855.6000150000001,818.700007,1020.4000120000001,890.9000160000002,1017.4000129999998,987.2,1040.800005,1001.2000149999998,989.900002,812.800007,1019.1000120000001,850.300006,1333.6000099999999,940.2000009999999,1059.90003,863.500002,925.5000050000001,675.600002,961.000005,910.4999999999999,909.800005,850.6000260000001,1025.600017,1135.200012,975.9000069999998,1097.70002,1052.9000170000002,1008.9000100000001,932.9000049999999,1211.300015,1050.00001,1141.800005,1174.5,882.0000170000001,879.400009,913.80002,828.6000099999999,948.9000020000001,1111.1999999999998,1325.3000120000002,1003.1000023,944.600003,903.4,931.6999999999999,953.7000110000001,976.300012,1045.6000110000002,881.000007,992.3000129999999,857.0,1026.300017,736.20002,1075.100017,1103.5,870.1000069999999,976.0000140000001,1078.3000110000003,886.500024,955.0000190000002,1146.400002,846.9000139999999,1144.1000350000002,953.3000220000001,1303.3000149999998,1009.7000119999999,865.700005,921.1000029999999,891.200016,871.6000169999999,989.4999999999999,853.700002,1160.50003,1020.700015,930.4000090000001,921.4000120000001,700.6000150000001,997.6000350000002,835.000007,944.7000130000001,836.3000079999999,929.100005,804.800012
Kansas,800.6999999999999,806.3000142999998,638.000016,565.900007,678.6000129999999,774.9000159999999,696.700006,590.0000070000001,723.5000049999999,815.800017,537.3000020000001,770.70001,1210.600005,627.20001,562.4000073000001,407.900002,623.000002,682.9000050000001,878.6000071,763.2000003,639.400005,745.000002,623.700017,560.3000049999999,704.1000119999999,747.3000069999999,449.40000330000004,476.1000021,633.4000010000001,688.8000140000001,805.0000170000001,837.0000103,569.900003,616.000004,824.1000161000001,684.00001,488.10000429999997,493.500001,627.000005,668.6000019999999,555.4000019999999,821.4000050000002,721.6000180000001,610.7000049999999,746.600002,529.600004,854.8000063000001,679.800007,570.300008,788.800005,743.0000100000001,704.1000190000001,813.7000059999999,671.4000024000001,764.6,545.100002,719.600002,506.300009,845.1000100000001,535.500005,605.500023,659.9000100000001,719.7000121,784.7000331,518.1000050000001,836.200002,848.4,693.8000030000001,801.60001,730.9000100000001,529.600005,679.3,604.800012,682.000007,581.6000091000001,668.0000019999998,644.000004,551.80001,826.0000210000001,563.3000112999999,668.0000019999999,912.6000061,871.800002,511.200002,650.7000109999999,814.000002,748.00002,477.99999999999994,768.3000099999999,668.5,831.4000100000001,776.5000000999999,834.600009,688.7000059999999,586.2000099999999,707.4,703.4000020000001,554.5000050000001,622.8000019999998,590.4000040000001,546.700008,693.200012,777.4000020000001,553.9000030000001,761.3000020000001,552.8000010000001,832.6000075999999,681.10001004,615.5999999999999,652.400003,617.300005,493.1000003,817.100002,640.600003,932.6000210000001,668.600011,669.0000041000001,706.000001,781.1000070000001,594.100003,573.5000050000001,700.3000029999998
Kentucky,1153.2,1621.0000069999999,1103.0000049999999,1044.800015,1155.10001,1143.800012,1411.5000069999999,1211.00001,1290.100025,1255.400007,1045.300002,1290.70002,1444.30003,1199.70001,1442.00001,1102.800012,1119.200001,1179.600015,1354.700015,1186.200016,1441.7000150000003,1184.00001,1476.40004,979.6000270000002,1237.00001,1136.6000050000002,1367.200015,957.300007,913.3000260000001,1278.300005,1200.80003,1152.80001,1153.800028,877.300009,1100.000017,1238.9,1205.2000049999997,1163.90001,1127.900017,1189.90003,1206.000032,1049.4000099999998,1372.40002,1161.8000149999998,1261.1,1188.9000250000001,1209.5000060000002,989.100012,1248.800034,911.9000000000001,1323.1000049999998,1163.100037,1361.200005,1238.5000009999999,1367.9000049999997,1096.50001,1347.3000000000002,1139.900019,1213.20001,1066.900002,880.9000099999998,984.0000019999999,1185.500022,1378.500012,1219.20002,1261.800006,1396.1,1291.500015,1222.300017,1168.2,1524.0,1189.7000070000001,1430.8000249999998,978.700002,1171.8000260000001,1110.900009,1196.6000390000002,1222.700012,1434.2000070000001,1342.1000199999999,1145.30002,1295.2000249999999,1280.2000150000001,1056.50001,1068.000027,1342.500026,1246.600006,1164.900017,1242.400008,1090.700007,1363.4000099999998,1068.6000099999999,1215.000015,1203.500001,929.200002,1151.200005,1259.5000069999999,1076.6000099999999,1126.500025,1232.900017,1154.400025,1199.100025,1062.0000069999999,1605.70002,1412.4000250000004,1274.70001,1206.7000120000002,1022.700015,1209.600005,1181.300005,1032.500005,1131.2000149999997,1437.3000399999999,1194.90001,1360.1000099999999,972.800001,1187.300005,918.0000110000001,993.00003,967.2000100000001,1325.5000049999999,1010.6000240000001
Louisiana,1254.400015,1794.1000269999997,1163.7000050000001,1320.5000119999997,1340.0000100000002,1664.1999999999998,1703.9000300000002,1550.100011,1381.000025,1794.4000199999998,1437.2000150000001,1376.00002,1694.00004,1420.1000099999999,1083.5000050000003,1444.5000149999998,1522.50001,1552.500025,1868.300022,1294.900025,1468.300005,1883.9000300000002,1738.0000309999998,1204.90002,1622.3000000000002,1748.1000119999999,1627.7000150000003,1205.90002,1267.70002,1611.50004,1899.00002,1314.100029,1493.0000299999997,1248.8000100000002,1102.000002,1342.0000100000002,1393.600012,1135.700007,1415.80002,1293.400017,1480.800005,1905.5000200000002,1153.400013,1335.8000020000002,1584.1000249999995,1136.3000250000002,1337.800004,1189.400018,1318.000022,1696.9999999999998,1221.90001,1640.000012,1624.3000000000002,1572.100025,1470.4000150000002,1468.4000150000002,1392.7000139999998,1666.4000100000003,1661.0000309999998,981.700005,1248.6000189999997,1393.50001,1372.400014,1293.1000050000002,1735.1000319999998,1467.3000150000003,1795.0000099999997,1480.0000149999998,1262.200012,1358.900012,1344.3000313000002,1560.0000400000001,1422.7000170000001,1255.800025,1426.100022,1423.700006,1516.0000099999997,1373.200027,1526.00001,1393.300005,1180.600011,1222.3000060000002,1655.100025,1564.600025,1225.400027,1938.3000250000002,1527.3000050000003,1317.600012,1299.6000169999998,1240.3000320000003,1590.600037,1365.200016,1591.300035,1308.9999999999998,1419.0,1424.500045,1270.500002,1485.500032,1254.0000203,1039.0000189999998,1570.800035,1279.7000059999996,1479.100022,1507.700035,1825.600005,1557.8000299999999,1061.200002,1589.400015,1348.0000089999999,1367.200012,1245.5000109999999,1280.2000150000001,2037.50003,1435.800024,1530.6999999999998,1210.40002,1528.9000250000001,1452.8000149999998,1352.80003,1441.6000149999998,1695.2000049999997,1436.0000020000002
Massachusetts,1073.00001,1366.6000179999999,1212.9000019999999,1246.1000099999997,1008.1000220000001,1035.1000250000002,1409.900025,1126.600022,1284.90001,1426.700015,1170.500012,1112.400002,987.0000120000001,1393.10004,1391.9000250000001,1354.90001,1163.500017,967.800011,1112.1000230000002,1082.40001,1365.0000149999998,1197.500022,1124.00001,1227.200002,1320.100015,1332.6999999999998,1387.4000050000002,809.2000049999999,714.000004,1160.900014,1235.30002,1188.800017,839.3000029999998,1069.7000050000001,1067.0000089999999,1025.900012,1119.100005,1169.800004,1011.8000170000001,1369.400005,1145.10002,920.100015,1020.200002,848.6000120000001,1239.300002,1427.4000150000002,1069.90002,1128.200014,958.9000139999999,918.0000080000001,1430.600012,994.7000109999999,1173.800027,1269.1000370000002,1072.8000080000002,1218.0000169999998,1316.400015,971.900008,1000.70001,1272.5000049999999,861.6000040000001,1037.100005,1030.900027,1129.0000120000002,1308.6000000000001,1288.0000049999999,1216.800005,1049.3000170000003,980.2000049999999,1142.300005,1278.3000250000002,1231.40002,1294.7000370000003,870.5000029999999,1577.600015,1312.600005,1010.800015,1301.00002,1173.800005,1024.0000120000002,1069.5,1017.400005,1574.8000269999998,1305.4000219999998,1019.000015,1358.900005,1364.3000069999998,1051.500015,1171.10002,1095.700001,1183.00003,975.600016,1167.200016,980.90001,796.800009,1370.80001,1265.40002,1156.0000140000002,999.900007,1104.200002,950.300017,1206.9000150000002,938.600024,1106.5000049999999,1460.3000049999998,826.9000020000001,1130.30001,1524.200015,983.000023,1158.400014,1000.800017,1054.300026,1076.800011,1029.200024,1034.400012,817.600014,1096.8000100000002,997.1000099999998,1398.600017,1015.3000099999999,904.2999999999998,1292.5
Maryland,1048.6000109999998,1216.400022,1061.1000040000001,1193.4000099999998,956.4000149999999,1189.200001,1274.2000269999999,966.100001,1514.3000049999998,1213.1000219999999,1329.2000050000001,1268.4000150000002,1292.90001,1421.1000199999999,1225.300025,1092.700022,1108.20002,1160.900005,1180.600015,1107.100016,1297.4000099999998,1200.5000050400001,1320.8000100000002,916.9,1239.3000069999998,1341.9000250000001,1208.800005,834.9000020000001,840.70001,990.700014,1156.7000120000002,1061.2000070000001,886.300005,954.100026,1067.600009,984.900005,1098.700025,1146.300025,1163.50001,1073.900012,1268.10001,902.1000123,1225.9000139999998,935.9000019999999,999.4000090000001,1388.20001,1144.8,969.00001,1010.1000059999999,733.300002,1330.8000100000002,1073.70002,986.400025,1158.200012,1312.200022,1159.9000100000003,1349.3000200000001,921.3000219999999,748.400015,899.000015,860.60001,968.5000000000001,897.700012,1045.1000020000001,1182.6000069999998,1031.40001,1341.60002,1419.3000299999999,1063.100002,1300.10001,1261.8000039999997,1070.000007,1313.0000340000001,872.8000030000001,1094.3,1119.0000169999998,1280.700035,1004.0000170000001,1036.600005,1077.4000209999997,1389.0000099999997,1093.20001,1129.100007,1188.2,1093.600005,1299.9000170000002,1336.300015,1122.4000039999999,1064.7000170000001,1083.900011,1183.8999999999999,1034.10001,1193.600015,1044.200002,895.70001,1338.2999999999997,1276.4000150000002,1203.50002,1029.400016,1046.30001,987.3000199999999,1065.40001,1022.5000050000001,889.0999999999999,1187.800016,951.900016,1152.900008,1147.8000169999998,1034.200005,1021.5000149999998,861.70001,1090.3000059999997,1104.300025,993.600014,880.0000029999999,982.1000209999999,917.300007,1212.600005,940.3000069999999,934.300017,1067.20002,1070.400024
Maine,1046.600022,938.1000069999999,889.000008,1323.100025,850.600011,749.4000019999999,1257.200015,1007.6000119999999,957.500016,1140.10001,1063.600025,1160.60001,1029.500017,1243.70002,1333.7000099999996,1132.5,969.2000049999999,1078.000007,1026.00001,1089.10001,1149.2000300000002,1216.7000099999998,1099.8000200000001,1213.30001,1137.000002,1193.900002,1230.8,835.7000079999998,744.600011,897.500002,1149.200012,1172.600005,823.7000179999999,1076.70001,985.3000059999999,960.8000119999999,1119.20001,1144.0000260000002,851.0000070000001,1314.4,1129.8000049999998,766.700005,986.2000069999999,956.2000050000001,1153.5,1174.1000119999999,1065.0,957.200005,1013.200015,1016.5000200000001,1178.00001,791.8000020000001,1184.8000020000002,1169.4000350000001,1102.400012,1038.9000250000001,1097.90001,842.2000130000001,1018.8000249999999,1084.3000120000002,855.500005,993.3,1015.4000070000001,1059.100031,1023.900005,1294.8000190000002,1183.200022,1025.50002,999.600017,1148.0000300000002,1133.200022,979.3000030000001,1139.9999999999998,840.600005,1198.000007,1410.3000049999996,789.9000100000001,1145.100012,1050.4000150000002,1011.900002,1106.700003,966.200017,1239.7000050000001,1136.80001,1125.3,1143.20002,1234.400022,983.300007,1140.8999999999999,970.50001,1061.700012,1137.100015,953.2000249999999,1007.1000120000001,823.0000159999998,1130.7000050000001,1286.5000109999996,1224.00003,973.3000169999999,1118.500007,883.4000090000001,1083.700005,973.900014,1059.70001,1189.900005,844.700012,1041.6000070000002,1217.0000069999999,912.7000099999999,1025.500015,1078.300007,1059.300006,1083.9000150000002,1056.70001,1142.2000100000002,1103.400012,1003.300015,971.1000170000001,989.700022,900.800005,970.8000099999999,1095.70001
Michigan,752.9000130000001,849.4000019999999,1015.5000070000001,678.4000050000001,826.6000120000001,781.4000080000001,954.7000220000002,854.2000240000001,786.4,881.100007,712.200012,756.9000100000001,862.1000029999999,691.3000000000001,1052.80001,787.800014,894.4000220000001,763.600007,865.100005,751.5000050000001,826.4000069999998,851.200007,841.8000099999999,762.7000039999999,768.000002,796.4000020000001,738.4000049999999,859.100012,775.1000120000001,770.800017,681.700007,857.900007,743.600004,696.400001,794.900011,771.700006,761.80001,736.6,897.2000050000001,1000.200014,987.200015,835.600001,756.100014,778.1000120000001,930.5000120000002,802.2000069999998,697.200015,903.4000320000001,879.400006,830.400007,843.900009,715.300006,914.8000059999999,809.500009,915.1000049999999,704.900012,676.9000000000001,671.800013,689.400015,720.700009,775.00001,765.2000019999999,687.2000049999999,952.700012,729.800023,922.200004,869.500012,882.00001,871.2000059999998,863.2000009999999,812.100007,761.200014,842.7000120000001,576.1000110000001,768.000007,826.800012,779.0000060000001,862.3000040000001,1075.900005,878.900017,731.3,745.400005,915.900009,895.7,845.000002,964.0000310000001,735.800002,748.40001,658.000013,897.200012,768.2000179999999,655.8,771.7000019999999,1013.900012,836.70001,919.000005,835.1000120000001,868.800012,750.000007,744.500014,774.4000120000001,861.500007,868.6000040000001,902.0000039999999,814.5000019999999,766.000011,891.1000070000001,894.000002,746.400011,884.30001,651.600002,754.8000150000001,758.2000069999999,805.9,696.600005,812.2000030000002,700.100005,736.3,885.0999999999999,748.000008,748.2000079999999,936.300007
Minnesota,782.700009,637.500009,636.7000061,507.40000159999994,766.700012,883.2000109999999,688.000008,625.2000069999999,746.8000120000002,737.100001,592.600004,649.5000022999999,571.900003,714.3000049999999,576.100001,508.100006,778.100006,792.5000100000001,905.20001,885.6000120000001,650.800005,726.200012,604.4,572.400011,561.3000000000001,758.30002,572.5000049999999,676.100002,707.80001,691.8000132999999,600.9000080000001,736.90003,868.3000049999999,679.5000100000001,617.600003,760.100005,793.8000053,688.8000020999999,701.900005,922.100012,597.300007,707.8000010000001,650.900005,618.1000051000001,857.300002,591.4000000000001,541.4000033,729.20001,717.4000050000001,669.000002,622.900002,950.3000099999999,714.9000021,567.0,743.300007,646.6000173000001,553.7000132999999,730.7000119999999,596.7000029999999,495.6000024,763.900003,588.8000109999999,646.000011,719.400006,677.800006,851.000015,534.9000030000001,858.7000160000001,621.9000050999999,686.200004,705.6000120000001,644.20002,701.5000080000001,586.2000053,541.300002,829.4000020000001,652.8000109999999,750.400015,649.7000029999999,664.600006,583.500011,710.4000000000001,824.5000130000001,669.600007,628.7000033,787.400008,596.7,662.4000030000001,712.4000013,525.0000070000001,537.7000029999999,588.000001,829.800003,761.6000003,788.400006,749.7000029999999,434.00000300000005,646.900008,402.5,664.5000023000001,630.8000053000001,824.9000159999999,561.100005,746.7000009999998,576.400012,956.5000049999999,647.800009,645.500006,652.700016,606.6000119999999,435.60001129999995,733.9000110000001,600.2000050000001,657.4,751.5000030000001,483.6000043000001,703.6000110000001,726.100009,627.9000179999999,596.5,582.4000139999999,826.4
Missouri,1128.000009,1355.400025,748.800001,995.000015,1133.2000229999999,1099.2,1163.500004,1010.8000119999998,1135.6000049999998,1039.300015,810.7000210000001,1243.1000069999998,1124.40001,1080.800007,1304.600037,1034.0000310000003,1070.00001,1127.500021,1103.400012,1130.900007,1009.7000089999999,1075.900005,1326.200027,975.500011,890.400016,1077.2000170000001,1072.7,839.4000099999998,1194.000027,1090.3000140000001,1181.6000099999999,1150.400005,1003.600011,894.4000050000002,1044.900009,1070.20001,1225.20001,1341.400017,895.4000049999999,1030.6000000000001,891.2000009999999,1125.200002,1490.5000299999997,1202.00001,1275.2000099999998,1080.3000220000001,934.900014,1052.4999999999998,1179.0000019999998,921.50001,1073.800025,1042.1000199999999,1353.900015,1278.1000270000002,1041.100006,971.500005,1095.700021,983.7000050000001,839.4000000000001,818.4000070000001,827.3000069999999,777.900017,1214.000019,1306.300032,891.800002,1202.300024,1484.4000150000002,1318.4999999999998,1218.2000099999998,1105.500016,1048.600017,1117.8000140000001,1392.2000150000001,996.3000129999999,997.3000050000002,983.6000220000001,1335.700012,1092.700027,1309.1000270000002,1026.400005,1257.7000070000001,1146.600005,1254.400032,920.4000050000001,1035.8000060000002,1446.3000210000002,1086.7000159999998,1087.9000099999998,1125.900014,987.1000109999999,1152.400025,816.5,1209.100017,1091.7999999999997,1028.2000150000001,993.4000270000001,1374.800025,1039.700001,906.6000002999999,904.8000159999998,1133.700012,1197.30001,957.500002,1301.7000150000001,1339.0000200000002,930.500011,758.800002,1131.9000070000002,860.4000019999999,744.600007,952.400014,898.0000100000001,1290.70003,1269.8000099999997,1368.000022,967.700017,916.800005,1015.700015,1047.9000170000002,922.80002,1054.900021,996.7000019999999
Mississippi,1409.9000369999999,1569.3,1261.0000240000002,1470.4000099999998,1120.100007,1454.8000200000001,1532.5000249999998,1333.600037,1403.2000249999999,1693.200017,1454.800015,1486.6999999999998,1773.3000450000002,1547.4000150000004,1338.4999999999998,1404.7000050000001,1116.900011,1522.7000269999999,1550.500005,1360.7,1363.4999999999998,1576.50003,1413.8000250000002,1296.2000050000001,1672.2999999999997,1591.30004,1584.0000199999997,1353.6000310000002,965.6000110000001,1616.6000099999999,1673.30002,1366.1000119999999,1350.3999999999999,1207.300016,1193.000008,1481.50002,1415.3000200000001,1288.3999999999999,1241.300006,1219.1000150000002,1388.4000200000003,1817.2000309999999,1305.3,1306.7000049999997,1588.10003,1135.10001,1072.800014,899.6000123000001,1532.20002,1419.400005,1352.6000069999998,1414.10001,1392.2000350000003,1470.700025,1557.4000300000002,1474.8000140000004,1371.8999999999999,1675.5000149999998,1488.70001,1137.500005,1207.4,1219.700005,1177.9000270000001,1060.2000269999999,1737.2999999999997,1204.400005,1725.6000199999999,1554.70002,1460.100002,1179.000017,1355.0000290000003,1428.4000199999998,1420.300005,1143.00001,1385.100019,1357.400002,1427.8000099999997,1352.400015,1751.5000069999999,1209.900025,1496.60001,1081.300009,1587.0000169999998,1737.000007,1376.0000049999999,1916.5000099999997,1540.400005,1434.600015,1435.7000150000001,1211.600032,1675.9000050000002,1405.900007,1728.20002,1327.300026,1472.3000100000002,1574.5000049999999,1351.8000099999997,1228.6,1412.2000209999997,1110.60003,1681.7000300000002,1492.100011,1531.30003,1499.80002,1572.100025,1558.6000149999998,1338.500017,1564.2000099999998,1684.000005,1173.2000149999997,1234.800002,1364.4000250000001,1666.9000500000002,1473.60001,1665.800025,1070.000015,1273.1000110000002,1312.50001,1014.8000009999998,1364.4000199999998,1832.20001,1513.800015
Montana,545.300005,407.70000400000004,402.200001,361.600004,562.3000059999999,430.90001100000006,491.40000799999996,441.90000499999996,441.400001,418.100009,330.70000200000004,443.60000700000006,497.900005,496.100003,415.60000099999996,377.10000099999996,484.5000090000001,428.100007,474.800004,489.70000300000004,282.70000400000004,500.600002,342.900002,342.900005,308.000002,485.200004,390.00000200000005,453.00000900000003,397.20000409999994,462.700003,398.60000199999996,427.4000070000001,372.000002,535.6000013,426.500011,452.400001,407.1,355.70000600000003,477.700002,559.1000073,386.20000100000004,460.700002,434.600001,466.50000099999994,453.8000041,393.700008,343.3000001,395.200001,338.300005,458.900013,328.800003,447.30000199999995,472.59999999999997,520.600012,384.2000060000001,333.400001,320.300002,332.60000400000007,429.000002,347.4,483.00000229999995,405.800007,546.400016,462.600004,487.100004,473.60000199999996,493.90000900000007,467.000003,382.10000199999996,455.30000600000005,361.9,543.9,572.200017,304.800002,474.7000070000001,392.10000299999996,470.30000099999995,478.50000600000004,486.50000199999994,453.400004,513.3000059999999,488.600003,574.0000061000001,420.800007,366.80000099999995,440.400007,363.0000069999999,455.50000600000004,451.30000299999995,492.80000099999995,358.50000709999995,453.500014,365.60000399999996,388.600007,361.9000033000001,466.80000229999996,438.100003,239.30000199999998,378.0000023,437.80000800000005,334.500002,378.700006,476.30000700000005,382.500004,423.800001,499.200008,319.10000299999996,431.300006,392.7000050000001,348.9000033,486.20000400000004,352.5,366.60000299999996,349.400005,316.10000499999995,350.000003,407.800001,302.90000330000004,405.10000499999995,512.600005,440.6000051,514.6000043
North Carolina,1069.200017,1332.6000099999999,997.8000049999999,1139.100014,1060.8000140000001,1378.1999999999996,1314.900015,1327.50002,1559.0000149999998,1440.700012,1362.700006,1345.20001,1239.900012,1306.1000199999999,983.4000090000001,1296.9000000000003,988.5000009999999,1182.6000070000002,994.100015,1042.900012,1085.900015,1234.3999999999999,1448.8000200000001,1051.7000150000001,1288.6000099999999,1057.300019,1392.700005,1027.5000200000002,919.9000069999998,1067.200002,1175.9000019999999,1133.600005,1014.0000220000002,1239.8,1053.10002,1343.3000049999998,1370.0000249999998,1196.1000270000002,1149.0000269999998,1150.100013,1256.500021,1017.400007,1361.500007,989.1999999999999,1145.40001,1254.0000240000002,1326.500017,815.7000009999999,1214.600027,958.4000120000002,1320.2000170000001,1269.4000350000001,1053.1000049999998,1074.800005,1198.800012,1359.50002,1234.7000269999996,1233.9,949.9999999999998,1220.300012,999.1000049999999,984.9999999999999,1041.5,1097.9000270000001,1109.900005,1128.700039,1485.20001,1527.800027,914.900003,1172.600005,1214.100002,1107.8000100000002,1404.500012,1332.2000110000001,1217.9000300000002,1235.2999999999997,1111.1000020000001,1264.9000069999997,1274.200005,930.7000009999999,923.400022,1211.90001,1162.4,1390.8000159999997,1112.000037,1364.6000299999998,1572.8000250000002,1375.40001,1241.00003,1279.600017,1320.800005,1205.50002,1293.6000020000001,1307.600007,1135.300015,1462.4000099999996,1397.40001,1201.900027,1061.20001,1147.40001,989.4000050000001,1261.200012,1024.90002,1144.500015,1167.100013,924.9000190000002,1062.700015,1008.100017,968.700005,1172.3,952.3000149999998,944.5999999999999,1120.300032,1053.6999999999998,1063.7000070000001,1050.0000169999998,1088.9000170000002,1265.50001,949.60001,1068.3,1130.4000050000002,1105.600015
North Dakota,523.8000126,393.90000829999997,435.200002,359.20000630000004,433.10000499999995,587.1000173000001,529.2000109999999,468.900002,404.50000300000005,408.1000023,374.600002,439.50000200000005,459.7000073,453.600001,392.200004,407.90000599999996,534.50001,541.0000010000001,603.100006,494.500006,317.200002,527.500003,369.700009,483.40000330000004,280.300003,372.40001100000006,381.700006,347.7000049999999,438.30000299999995,467.300006,375.600002,520.7000111,447.9000023,543.300007,404.00000700000004,454.600004,401.2000019999999,507.10000500000007,385.10000099999996,510.5000091,376.800003,551.300002,473.900001,419.000002,438.80000400000006,311.900007,409.8000031,442.70000100000004,492.7000049999999,456.200017,422.4000113000001,388.700001,463.0000013,426.100002,486.10000099999996,363.9000053,384.80000300000006,492.5000063,335.6000002999999,244.20000199999998,449.80000199999995,312.7000029999999,405.80000100000007,465.80001029999994,437.2000133,398.40000599999996,340.70000300000004,456.50000809999995,346.000005,574.4000103000001,386.50000600000004,584.5000000000001,502.70001699999995,409.2000023,424.00000100000005,464.10000999999994,331.3000053,381.90000900000007,424.100004,524.0000010000001,441.30000129999996,415.00000030000007,602.4000011,447.600005,421.70000134000003,590.800001,397.70000500000003,325.60000500000007,378.10000700000006,389.4000073,338.50000000000006,413.8000106,397.600003,445.2,449.20000000000005,483.10001200000005,428.70000600000003,419.10000130000003,284.40000200000003,377.20000230000005,449.9000063,437.5000119999999,473.7000031,445.400005,395.5000021000001,529.500011,353.19999999999993,542.8000013000001,514.2000011,374.800003,288.400002,424.200008,339.6000033,566.500009,342.90000399999997,247.5000033,457.40000599999996,426.200002,450.400004,438.8000053,352.80000400000006,431.60000299999996
Nebraska,648.2000019999999,546.400003,515.300013,497.100001,594.0000123,777.0,654.000005,590.8000049999999,594.60001,658.2000061000001,438.00000609999995,595.7000013,925.900024,549.900002,493.000007,362.40000200000003,577.3000040999999,450.20000229999994,769.500002,649.400005,498.7000110000001,705.0000023,507.40000104,557.4000053,723.5000203,656.700005,461.9000054,533.8000050400001,468.60000499999995,580.600002,639.8000119999999,664.3000003,462.40000109999994,605.7000059999999,488.30001,470.0,372.70000200000004,448.4000050000001,582.000005,615.700009,594.9000133,609.3000010999999,607.200012,545.6999999999999,570.9000013000001,605.600003,649.70000004,611.4000003,598.000007,665.600014,581.9000121000001,630.3000059999999,632.0000049999999,750.8000109999998,666.9000053000001,574.200007,623.2000080000001,491.000004,581.100006,416.200002,494.20000229999994,654.100005,643.400002,643.9000120000001,486.40000000000003,632.5000110000001,684.4,661.2000010000002,665.800002,727.7000069999999,540.100001,675.4000100000001,514.0000053,719.000007,532.7000003,548.6000070000001,553.900016,515.700011,612.1000003,491.6,640.500001,733.6000120000001,589.90001,540.8000041,489.7000053,755.600004,560.3000113,339.8000013,661.2000059999999,550.0000061999999,653.20001304,570.5000110999999,624.300003,716.900006,498.20000404000007,573.3000049999999,507.10001100000005,444.70000300000004,366.40000230000004,526.9000063,526.600005,540.9000071,579.400004,459.500006,637.000005,529.6999999999999,548.600008,649.3,563.700009,594.000005,458.00000800000004,465.70000510000006,595.2000019999999,712.3000059999999,576.8000112999999,551.700009,570.600007,553.400006,528.0000091,380.400002,349.2000100000001,482.1000071
New Hampshire,964.200009,1107.100003,1008.800011,1036.800002,964.800017,807.500002,1218.8999999999999,1058.600005,1111.700012,1166.2000019999998,1006.3000059999999,973.9000120000002,1002.6000119999999,1181.100007,1256.8000049999996,1131.900018,951.900022,832.800008,1021.500008,988.600025,1180.7000350000003,1052.8000069999998,965.500012,1116.3000049999998,1200.2,1012.1000139999999,1246.400015,684.200003,615.200012,1003.600012,1173.2000050000001,1099.3000000000002,741.800012,1023.900015,930.3000149999999,845.600009,1018.400017,1034.7000050000001,811.300009,1174.100012,1109.6000099999999,899.6,936.100009,886.2000049999999,1110.7000019999998,1203.800012,1039.6000190000002,1008.200002,904.1,900.9000050000001,1211.200017,885.900004,1131.700015,1113.8000279999999,1016.7000340000002,1064.3000160000001,1186.400005,838.20001,886.9000100000001,1015.000002,814.900017,1033.5000049999999,833.2000049999999,1031.90001,1110.7000020000003,1197.100005,1185.0000269999998,902.100012,834.600006,993.70001,1166.0000069999999,1112.5000220000002,1054.400004,727.6000039999999,1227.300025,1192.0000320000001,860.400009,1072.100022,1078.8000200000001,864.6000120000001,1008.9000080000001,936.000012,1271.10002,1087.600005,935.2000169999999,1090.5000069999999,1311.0000189999998,951.900005,990.6000170000001,959.000002,1037.400021,909.7000069999999,902.800006,969.200007,779.000002,1119.100012,1139.000005,1079.500015,790.800012,1011.0000050000001,805.5000049999999,1073.900014,877.0000019999999,973.500012,1290.1000049999998,737.7000089999999,951.4000100000001,1307.20004,918.1000020000001,978.5000069999999,896.0000150000001,898.400001,978.400005,969.6000120000001,996.8000059999999,875.5000110000001,938.5000050000001,885.4999999999999,1111.6000099999999,899.0000180000001,927.600014,1099.00001
New Jersey,1046.1000202999999,1276.60002,1146.0000049999999,1251.9000069999997,1000.100004,1111.30001,1186.500005,1341.80001,1440.900025,1279.7000269999999,1268.60002,1332.000015,1237.400005,1370.20001,1293.0000149999998,1184.9000099999998,1134.600019,1168.000002,1120.200008,1193.9000099999998,1330.1000099999999,1232.2000053000002,1349.90001,1130.20002,1349.800022,1520.3000049999998,1230.500005,800.000007,886.90001,1176.1000250000002,1234.000022,1188.5,803.3000220000001,1281.5000249999998,1020.6000230000001,1012.800014,1279.50004,1150.3000009999998,1218.5000120000002,1222.90002,1307.70001,704.7000073,1188.500023,985.60001,1110.3999999999999,1369.200037,1129.200004,1265.6999999999998,1082.8000109999998,904.7000023,1350.800022,1057.900009,1034.4000190000002,1124.800004,1205.500021,1258.2000050000001,1332.600017,1174.500009,948.5000200000001,1196.400015,927.600011,1008.30002,1081.900005,1235.6000089999998,1108.4000300000002,1312.4000050000002,1299.900015,1093.1000169999998,1131.8000129999998,1271.200015,1148.800002,1107.7000090000001,1279.500017,1047.4000059999998,1453.20001,1265.5000189999998,1216.6000000000001,1168.3000180000001,1223.100005,1080.70001,1171.300012,1223.000012,1350.3000199999997,1431.80001,1031.400002,1324.900012,1549.800022,1270.6000300000003,1355.7000099999998,1083.3000049999998,1289.900005,979.100007,1273.10002,1030.9000099999998,895.100015,1248.8000029999998,1353.800023,1351.1000099999999,928.700002,1259.5000049999999,1070.400002,1114.800017,937.2000069999999,1091.70002,1393.900002,974.5000239999999,1227.400015,1490.5000049999999,941.4000120000001,1121.60001,1150.300011,1121.50002,1048.80001,1013.000017,1035.6000020000001,1067.1000150000002,1124.700007,1087.200002,1179.800027,1039.700012,964.6000159999999,1394.3000450000002
New Mexico,440.10000800000006,481.30001109999995,339.90000230000004,353.10000930000007,358.70001030000003,318.7000033,396.90000699999996,367.20000619999996,352.800002,305.600001,348.90000499999996,373.00000200000005,340.30000129999996,427.8,250.20000700000006,265.60000004,270.6000076,261.3000013,281.8000063,307.40000310000005,301.3000021,305.40000399999997,365.000002,299.30000240000004,248.40000600000005,418.9000050000001,231.50000330000003,419.700008,304.100005,477.1000050000001,386.70001,334.40000130000004,353.500002,238.4000003,314.90000200000003,386.40000299999997,257.000003,297.20000409999994,309.3000020999999,201.40000414000005,351.5000001,362.10000299999996,284.700001,266.79999999999995,302.7000043,377.5000003,292.900005,436.900001,333.800005,496.900005,355.300002,342.70000200000004,358.900006,369.700006,347.700007,324.500013,324.30000210000003,273.30000029999997,385.10001,362.300003,376.6000020000001,372.0000053,299.0000013,274.00000209999996,263.4000034,382.9000063,269.20000634,356.900008,365.100005,260.500008,325.60000729999996,485.90000999999995,272.00000203999997,368.00000109999996,359.20000699999997,486.00000700000004,319.000004,248.4000023,303.1000031,333.20000029999994,290.10000110000004,339.7,353.70000129999994,359.700001,355.5000013,305.300002,349.20000430000005,415.90000299999997,289.09999999999997,369.400007,345.70000400000004,434.3000031000001,338.400002,436.70000600000003,299.1000064,352.9,381.80000199999995,244.30000330000001,374.400006,423.200008,258.30000199999995,251.90000029999996,392.20000000000005,370.30000029999997,336.7000041,219.90000030000002,342.50000130000006,261.4000003,275.8000045,280.300002,351.800006,362.7,298.8000043,338.200007,278.3000023000001,470.80000199999995,302.00000200000005,343.10000534,328.300004,362.70001,357.7000023,269.70000799999997
Nevada,286.0000011,433.90000399999997,289.800003,263.100006,339.4000031,307.00000009999997,320.400001,423.10000229999997,321.20000600000003,276.300002,284.20000029999994,286.300001,269.100006,286.09999999999997,234.30000130000002,366.2000063,218.0000021,287.40000399999997,284.30000600000005,331.400005,234.300002,288.20000300000004,316.700002,182.800002,227.000004,253.30000229999996,366.400009,347.50000300000005,432.700004,358.30000399999994,288.00000214,333.90000000000003,311.700004,240.70000100000004,380.900002,279.40000100000003,218.00000240000003,309.4000061,359.7000049999999,296.4000024,323.60000210000004,335.00000639999996,405.900002,371.20000200000004,230.50000100000003,265.40000200000003,315.9000071,408.20000509999994,181.900001,379.0000023,319.500002,274.10000099999996,312.200001,292.300001,380.20000099999993,253.00000304000002,222.300004,182.20000434,367.99999999999994,293.90000100000003,359.7000031,183.00000130000004,383.300005,356.90000299999997,313.000003,347.80000199999995,428.40000100000003,331.000001,377.4,199.7000023,291.70000414000003,423.30000200000006,363.70000099999993,308.80000099999995,388.60000299999996,307.500001,272.59999999999997,308.900005,357.70000200000004,253.90000099999995,241.20000009999995,328.3000041,325.70000304,252.00000039999998,378.800003,352.20000200000004,168.90000130000004,325.10000039999994,319.0000083,280.6000083,266.4000043,258.000001,323.29999999999995,229.5000033,303.500001,276.2,256.100003,252.00000500000004,338.400004,322.70000200000004,205.800003,205.4000021,328.800004,271.70000300000004,305.000002,247.10000130000003,312.600003,280.300001,477.7,267.500003,225.00000129999998,196.59999999999997,289.2000031,265.300001,215.60000209999995,267.7000014,210.80000730000003,369.00000400000005,296.500003,282.00000330000006,278.8000023,336.30000304
New York,1172.1,1229.4000099999998,1087.000012,1200.40002,947.3000290000001,922.500004,1432.5000349999998,1250.500012,1374.80001,1102.3000149999998,1056.1,1147.8999999999999,1272.0000169999996,1317.200015,1123.6000149999998,1351.6000399999998,986.0000100000002,1007.20001,1315.7000170000001,1119.500015,1330.600032,1104.100005,1154.3000100000002,1193.3000200000001,1176.00001,1179.100005,1289.800015,827.8000109999999,912.300012,1021.8000149999999,1110.500025,1350.600015,835.900007,1109.000017,951.000012,1034.700012,1157.4000250000001,1202.6000199999999,992.400006,1235.4000049999997,1251.6000099999999,1053.400012,1122.3000299999999,1049.400015,1207.20001,1314.1000149999998,1295.200035,1217.800015,1310.30001,1201.8000049999998,1309.8000149999998,1085.9,1410.4000099999998,1370.800005,1291.200002,1240.900005,1362.5,955.4000149999999,1014.1000119999999,972.9000219999999,946.9,1272.8000249999998,1027.4000070000002,1168.5000069999999,1238.2000100000002,1212.10001,1452.5000149999998,1057.300005,1133.7000119999998,1216.4000250000001,1338.80001,1077.3000299999999,1153.800005,913.8000199999999,1164.7000050000001,1364.8000299999997,924.400002,1119.7000050000001,1252.3000049999998,1107.900007,1153.200024,1053.100012,1310.3000100000002,1243.700027,1026.70001,1248.700007,1376.0000070000003,1091.900012,1057.70001,1018.30002,1155.8000049999998,911.1000120000001,956.80001,1105.8000070000003,1012.7000119999999,1392.0000049999999,1403.2000119999998,1296.2000099999998,921.3000069999999,1123.8000049999998,1015.800019,1262.10002,1075.200007,1204.90002,1439.10002,892.9000120000002,1109.200016,1387.6000040000001,1120.70001,1042.5000049999999,926.1000069999999,935.400005,1155.7000200000002,1087.200005,1182.600004,1124.100015,1087.2000070000001,978.5000020000001,1105.500002,1137.9000250000001,1158.400022,1068.00001
Ohio,1062.8,1154.6000099999999,925.0000069999999,721.6000019999999,925.4000049999999,985.8000089999999,1244.100025,862.800004,1093.900005,836.4,848.000017,1011.5000140000001,1127.500017,777.6000119999999,1124.600012,969.7000240000002,1029.600015,1007.0000020000001,1057.60001,828.0000190000001,1167.6000159999999,877.3000151,1145.5000200000002,787.500016,975.5000100000001,842.900009,1087.1000050000002,852.6000069999999,912.30002,967.600015,948.3999999999999,970.300013,894.0,752.200005,827.200004,1110.0000049999999,956.500012,1008.2000170000001,849.9000170000002,944.6999999999998,855.300009,772.2000110000001,1196.5000100000002,897.000005,924.0000110000001,1099.900012,1042.300015,792.60002,1029.4000019999999,863.8000089999999,954.3000070000002,925.6000160000001,1254.000011,1085.900007,1214.2000150000001,936.8,973.5000059999998,807.40001,929.4000169999999,824.400016,890.400012,961.100007,986.9000070000001,1065.100025,1015.3000049999999,1014.200009,1218.5000149999998,990.700015,976.300012,1205.0000069999999,1168.5000169999998,1015.800012,1107.3,744.300012,1034.1000020000001,971.8000150000001,928.8000200000001,932.7000210000001,1152.300007,1169.6000119999999,1007.300005,956.100007,989.5000120000001,849.800007,924.1000049999999,1069.4000130000002,1158.200027,806.1000100000001,1050.100012,1020.7000100000001,1193.6000250000002,769.700014,975.7000050000001,1089.500012,776.0000060000001,1015.300017,1143.0000169999998,900.700017,1138.300026,1010.1000200000001,1051.1000099999999,1237.60002,872.200009,1241.300014,1020.8000070000002,980.100012,892.10001,895.3000099999999,834.3000049999998,1065.000012,781.1000019999999,1027.500003,1147.8000049999998,926.1000200000001,920.6000150000001,690.5000110000001,945.0000200000002,847.300017,935.400014,839.600005,1101.90002,812.8
Oklahoma,988.900002,1111.3000073000003,600.8,620.100007,965.3000099999999,811.7000009999999,967.9000060000001,878.200007,861.2000169999999,1003.700011,697.400007,1041.900024,1058.700006,717.200002,824.200006,798.100006,775.3,919.1000129999999,955.600003,702.700016,1164.600005,712.700014,868.8000119999999,727.2000019999999,839.300017,953.400008,798.1000063000001,645.200006,1185.800027,978.7000193000001,1158.9000220000003,935.8000020000001,925.100013,862.700008,962.6,942.9000120000002,727.800015,920.6000059999999,954.0000023,562.800004,886.800005,1087.2000003,978.9000080000001,695.9000050000002,710.200017,786.000008,813.1000120000001,901.100002,1106.300005,839.4000002999999,851.00001,807.5000100000001,1144.7000169999997,879.6000219999999,1011.6000140000001,854.500016,817.3000170000001,826.300003,795.600006,698.4000050000001,756.200004,737.000006,1101.6000159999999,1000.5000059999999,830.300013,881.3000099999999,1108.400004,1167.9000112999997,1060.7000170000001,753.1000089999999,887.5000129999999,831.1000120000001,529.500004,698.7000019999998,903.500005,854.7,1029.000027,892.300017,925.4000019999999,839.6000001,968.8000100000002,1109.5000129999999,892.400015,830.500007,726.800001,1000.700001,891.3000119999999,974.400018,1092.9000109999997,976.900022,785.9000079999998,677.500007,1270.000017,1047.5000100000002,1065.100015,1071.3000100000002,960.5000170000001,616.400005,767.400004,721.4000020000001,772.5000103,732.600008,820.50001,783.800022,1189.60002,754.9000103,858.600016,807.9000120000001,836.300008,767.0,804.4000070000001,756.7,997.2000019999999,820.200005,998.2000209999999,1173.4000190000002,725.300014,795.700007,833.000007,853.300007,804.700005,864.4000040000001
Oregon,287.10000329999997,314.800003,243.5000031,296.40000399999997,248.7000051,213.20000309999998,275.500001,300.100002,299.79999999999995,307.9000004,375.80000400000006,208.400002,202.50000229999998,292.20000099999993,360.700002,389.00000300000005,321.7000036,231.80000400000003,302.50000500000004,341.200003,276.50000099999994,264.90000100000003,318.5000011,275.000004,315.20000503999995,266.30000400000006,255.400001,230.70000000000002,196.40000129999999,260.60000900000006,278.000006,234.19999999999996,229.50000310000001,284.000001,315.4000023,348.00001000000003,241.30000030000002,265.2000013,265.7000014,287.9000063,308.300004,315.400002,293.400001,300.3000063,265.80000129999996,279.500004,220.70000230000002,278.500002,296.40000230000004,268.900003,365.30000099999995,273.4000031,312.300003,336.70000200000004,345.80000200000006,178.20000059999998,228.29999999999998,235.40000109999997,238.40000210000002,294.5000033,265.500004,215.700001,348.20000099999993,263.40000299999997,275.8000021,235.40000400000005,333.300003,230.700001,272.50000500000004,324.30000300000006,274.000002,302.20000500000003,256.90000000000003,359.20000000000005,255.6000034,252.30000159999997,314.70000099999993,279.100005,348.700002,306.800004,313.300004,254.39999999999998,293.20000000000005,303.500002,238.5000011,202.80000099999998,226.900002,224.700005,199.70000260000003,267.700005,259.300002,257.8,256.00000400000005,197.80000299999998,225.500006,254.800004,332.6,221.500002,238.80000410000002,281.4,223.20000019999995,208.10000300000002,266.6000003,265.70000600000003,254.00000059999996,315.100004,272.2,224.5000013,326.60000130000003,263.600005,245.80000200000003,281.000003,301.30000199999995,246.200003,313.2000013,232.700001,269.20000300000004,319.59999999999997,309.7000133,274.60000099999996,278.600005,343.80000029999997
Pennsylvania,961.300012,1057.600026,950.6000119999999,1124.3000120000002,927.7000089999999,937.4000169999999,1108.6,935.4000020000001,1272.800027,949.20002,986.3000139999999,1095.6000099999999,1089.4000150000002,1163.700002,996.300012,1026.40001,965.2000070000001,970.4,1237.4000300000002,923.200007,1200.8000299999999,950.0000100000001,1094.20001,929.2,1283.0000200000002,1224.600005,1039.800025,883.4000030000001,835.000011,903.300017,1023.20001,1090.00002,795.5,904.0000049999999,779.100014,928.4000139999999,932.3000099999999,1038.7000150000001,1034.500016,1053.200014,1174.7000150000001,732.7000169999999,1065.4000150000002,812.1000140000001,911.0000160000001,1160.500022,1018.800025,1094.000008,1044.20002,823.100013,1180.200032,934.5000070000001,1069.80001,1036.8000009999998,1091.300012,921.3000049999999,1188.800012,940.1000049999999,809.9,993.7000049999999,846.60001,1043.9000099999998,938.6,1091.800005,1148.600027,1015.6000049999999,1329.5000069999999,1042.000012,965.000015,1147.7000170000001,1185.800012,897.000011,1018.500007,756.4000100000001,1049.100017,1069.400005,887.200011,1040.800009,1012.6999999999999,1010.2000149999999,1066.000021,918.10001,1119.100035,1060.90004,863.100005,1160.2000159999998,1124.1000099999999,842.7000069999999,994.6000119999999,930.900009,1028.500017,845.000005,958.40001,907.900004,808.300015,1136.8000349999998,1068.100025,1038.100015,909.0000070000001,1080.3999999999999,889.7000140000001,1118.300014,923.800006,1082.300005,1173.8000049999998,899.3000149999999,975.200015,1110.30002,840.2000140000001,1012.3000250000001,902.400005,973.000012,983.2000200000001,838.1000070000002,959.0999999999999,807.0000070000001,942.700012,843.4000019999999,968.7000170000002,929.000012,1041.20001,888.800014
Puerto Rico,2384.500032,1817.8000319999999,2151.20002,1761.50002,2261.70006,1972.3000099999997,2399.70003,2476.8000049999996,1900.70001,2327.70003,2616.700052,2040.2000219999998,2217.00001,1956.70004,2128.900012,1938.6000199999996,1917.6000000000001,1885.400045,1910.5000249999998,1995.800021,2222.9000250000004,1903.1000149999998,2218.100022,1773.1000119999999,2094.4000069999997,1966.1000299999996,2034.10001,1862.1000349999997,1849.5000300000002,1772.400022,1909.600015,2078.30006,1917.3000399999999,1958.700015,2115.5999999999995,2184.70003,2246.40005,1848.6,2011.00001,1752.200015,1991.9000100000003,2416.9000469999996,2428.1000000000004,2276.30002,2020.700035,1993.00002,2081.0,2100.300045,2241.700025,1919.9000050000002,1899.3000049999998,1916.10004,1936.9000399999995,1880.900024,1891.9000299999998,1980.4000210000002,1881.3000049999998,1953.60001,2019.70001,1916.700046,2092.300012,2075.200002,1993.40001,1701.9000350000001,1978.4000200000003,1956.10004,2004.50003,1949.9000400000002,2218.30003,1705.90003,1462.3000249999998,1732.2999999999997,2085.7999999999997,2081.00003,2143.90002,1780.500011,1976.9000219999998,2082.70002,1989.400027,1863.900015,2048.70005,1811.7,2204.000025,2137.9000149999997,2215.3000349999998,1739.0000199999997,2550.8000199999997,2071.600042,2922.4,2048.10004,2242.600005,1665.0000089999999,2609.900005,1921.800022,2266.4000100000003,1687.500015,2180.4000349999997,2238.1000450000006,1758.3000220000001,1953.2000300000002,1948.200005,2203.500035,1672.2000249999999,2317.0000200000004,2029.400032,2438.00004,2778.00004,1926.800017,1848.7,1845.7000269999999,1928.3000249999998,1877.9,2062.3000249999996,1882.50001,1610.300005,1776.9000420000002,2107.400022,2254.400016,1926.9,2259.400025,2503.00005,1858.7000300000004
Rhode Island,1079.9000079999998,1407.8000049999998,1226.100032,1286.9000099999998,1037.600012,1071.90002,1439.300045,1098.3,1272.1000052999998,1409.600017,1151.0000000000002,1238.100035,1030.200002,1373.000035,1364.2000249999999,1346.9000059999998,1153.9000149999997,1085.800014,1109.400005,1050.6,1374.8000049999998,1245.8000169999998,1110.0000120000002,1250.300007,1267.100015,1405.00002,1339.100007,876.500015,793.900005,1117.10001,1161.400015,1202.000007,824.5000060000001,1077.700005,1064.6000020000001,1033.20001,1130.500015,1208.8000149999998,998.200017,1480.5000049999999,1098.10002,870.8000173000001,1010.4000230000001,850.60001,1245.300037,1446.400007,1081.500007,1100.7000070000001,981.2000270000001,890.100026,1402.400027,1016.6000109999999,1208.700014,1288.4000250000001,1098.8000339999999,1267.100017,1311.40001,964.2000019999998,977.200014,1345.7000169999997,868.900005,1061.80001,1108.60002,1136.500027,1357.30001,1287.900015,1210.1000150000002,1073.3000000000002,1020.100017,1293.3999999999999,1260.500005,1186.400014,1250.000015,1003.500022,1613.800015,1263.400021,1059.400016,1262.0000200000002,1204.70001,1069.400002,1124.600015,1031.900015,1558.30003,1332.900012,937.000015,1421.3000150000003,1368.0000169999998,1078.200015,1206.100005,1132.000035,1206.700017,1003.6000070000001,1177.4000170000002,1036.800009,831.700012,1463.1000309999997,1256.900015,1194.6000070000002,1066.1,1151.4000039999999,983.6000300000001,1160.9000099999998,929.20001,1142.700022,1449.00001,925.700008,1220.8000129999998,1435.800005,994.5000120000001,1149.4000199999998,1031.5,1088.30001,1055.200018,947.8000150000001,1027.000007,798.300009,1033.3999999999999,1013.9000020000001,1361.2000099999998,1080.200015,912.400012,1213.100007
South Carolina,1073.500007,1172.8000200000001,1090.500006,1317.1000210000002,1162.4000250000001,1297.00001,1404.800025,1472.1000250000002,1393.30004,1399.2000049999997,1371.900007,1213.700017,1181.9000170000002,1259.50003,1108.6000149999998,1371.900025,1038.8000120000002,1285.300037,1124.6000119999999,1083.300007,1089.300025,1101.200016,1350.0000099999997,1181.400005,1520.700045,1207.9000201000001,1323.7000219999998,1244.6000050000002,870.300005,1284.600007,1297.9000119999998,1305.5000249999998,935.200012,1370.800022,1060.90002,1341.70003,1015.2000273000001,1393.2000100000002,1273.20001,1120.100005,1165.700002,1199.0000069999999,1282.3000149999998,956.100002,1116.600017,1026.7000019999998,986.400015,841.6000090000001,1311.5000119999997,1030.100021,1192.4000310000001,1405.1000099999999,948.600007,1073.800002,1325.6000399999998,1379.400005,1206.3000219999997,1293.3000190000002,999.9000070000001,1081.600005,1016.800011,996.9000110000001,1043.200005,1086.50002,1324.70003,1182.300021,1556.900035,1362.30001,923.8000119999999,1094.600005,1151.500016,1177.500012,1177.00002,1365.9000199999998,1260.000012,1170.5000199999997,1159.200029,1288.50001,1179.1000129999998,1017.40001,1083.100001,1138.400015,1137.00001,1345.2000219999998,1217.200015,1443.9000099999998,1591.600005,1581.700035,1348.6000199999999,1181.0000049999999,1175.700013,1231.9000199999998,1213.10002,1160.800006,1301.5000049999999,1457.900005,1233.4000150000002,1030.000001,1369.20002,968.9000020000001,1217.7000450000005,1296.7000039999996,1096.900005,1102.6000000000001,1281.900024,888.500012,1129.20002,1107.700007,1117.900002,1142.4000099999998,1007.5999999999999,1030.3000069999998,1095.4000030000002,1259.500013,1135.100005,1040.900016,996.5000069999999,1257.400005,1016.1000080000001,1090.000012,1076.8999999999999,1059.800012
South Dakota,589.2000012999999,519.0000022999999,571.0000060000001,384.6000043,634.3000010000001,688.2000099999999,531.7000031,572.7000019999999,545.9000080000001,539.500012,390.60000940000003,538.400005,509.600006,442.10000229999997,456.8000140000001,331.5,379.70000300000004,497.1000073,546.700008,528.5000112999999,391.70000200000004,540.3000049999999,301.1000012,436.8000023000001,490.600009,609.8000121000001,444.40000799999996,500.5000120000001,374.700003,399.300003,447.200015,531.600002,466.10000720000005,619.20000604,462.3000061,483.10000199999996,324.5000033,497.600003,400.90000000000003,656.9000129999998,415.800001,511.60000500000007,507.6000156,426.800006,340.80000200000006,459.00000199999994,433.1000092,508.900001,369.8000026,435.3000023,472.70000799999997,410.0000053,526.0000033,417.200014,560.5000013,404.500007,511.2000072,594.0,423.600001,464.60000770000005,578.100004,512.0000170000001,446.700008,487.3000063,473.2000070000001,585.400005,420.90000530000003,595.4999999999999,493.600004,589.400001,391.300002,589.800001,576.5000239999999,490.60000199999996,373.100005,499.10000603999987,466.00000600000004,487.7000059999999,524.400005,401.70000730000004,461.00000004000003,634.6000009999999,535.8000102999999,483.7000091,295.7000021,487.70000710000005,434.19999999999993,324.000003,537.4000070999999,447.60000800000006,492.30000600000005,466.30000900000005,400.70000134,460.400002,534.1000053,486.300002,452.30000700000005,432.49999999999994,356.70000030000006,480.6000030000001,448.5000052999999,504.50001000000003,389.900004,527.700002,427.9000030000001,543.700002,468.9000001,583.9,569.7000036000001,440.00000299999994,367.60000229999997,494.4000063,422.5000131,508.5000061,418.90000499999996,431.9000040000001,486.2000049999999,493.00000499999993,327.70000600000003,344.40000399999997,301.80000110000003,496.90000100000003
Tennessee,1217.3000229999998,1505.200007,1341.60001,1256.7000070000001,1322.0,1402.2000040000003,1324.30001,1335.800012,1462.7000369999998,1505.900025,1262.5,1337.800002,1707.900047,1356.200017,1516.400007,1364.4000150000002,1084.100005,1331.8999999999999,1309.400005,1527.0000400000001,1520.700024,1183.2999999999997,1751.00002,1320.30001,1557.900005,1263.20001,1510.40001,1413.1000099999999,1084.90001,1444.9000250000001,1377.3000299999999,1189.20001,1174.700027,1001.2000059999999,1032.2000219999998,1365.000015,1552.40001,1119.20002,1250.300012,1328.800012,1406.30001,1216.500025,1221.100012,1226.1000399999998,1192.70002,1228.400025,1094.2000019999998,885.2000050000001,1285.9000199999998,960.300015,1332.900025,1135.6,1467.5000249999998,1491.500002,1448.6,1173.800014,1372.2000050000001,1230.800017,1064.600012,1088.9000019999999,1044.200022,1166.5000100000002,1396.1000100000003,1526.0,1391.5000299999997,1133.90001,1759.4000100000003,1575.2000099999998,1318.5000039999998,1174.400017,1589.3,1345.100021,1399.7000219999998,1133.6999999999998,1204.00001,1310.1000069999998,1287.800005,1409.3000169999998,1602.200005,1081.6000119999999,1397.4999999999998,1161.3000180000001,1514.00003,1215.9000270000001,1363.600027,1597.700031,1409.5000049999999,1316.100011,1548.7999999999997,1131.7000070000001,1472.400005,1202.0000200000002,1489.400015,1432.8999999999999,1329.9000149999997,1352.0000149999998,1280.700015,1253.800002,1283.8,1006.000016,1520.4000450000003,1343.3,1174.500007,1760.9000099999998,1334.6000150000002,1315.400007,1358.80001,1125.500006,1386.6000149999998,1228.6000219999999,1140.300002,1349.90001,1614.50003,1265.700035,1338.600015,1083.100006,1098.600021,1100.600022,1076.6999999999998,956.6,1402.4000199999998,1326.1
Texas,519.100004,812.9000060000001,362.500002,425.800013,423.7000079999999,590.9000070000001,661.900003,615.100005,518.6000039999999,610.6999999999999,653.700013,759.3999999999999,641.600001,669.100002,546.6000000000001,413.9,588.900003,553.2000032999999,688.900002,543.10001704,445.500003,510.200007,762.9000209999999,480.60000010000005,525.900005,558.700005,603.8,470.10001130000006,564.8000113,1005.6000300000001,852.600019,738.0000120999999,907.9000053,463.200001,553.100015,658.600011,588.2000079999999,601.700005,642.900013,369.7000082,699.200006,735.8000142999999,603.600005,592.1000081,509.70000699999997,639.800009,654.4000110000001,547.6000059999999,594.300003,861.0000160000001,611.400001,694.4000119999998,775.3000059999999,601.6000100000001,708.8,649.6000102999999,710.300007,718.9000050000001,666.4000149999999,509.100007,620.8000069999999,620.700014,628.7000210000001,586.5000120000001,523.500012,523.8000000000001,688.9,707.9000050000001,660.5000070000001,334.700002,562.600003,786.6000019999999,563.200009,511.600009,548.800006,419.900002,545.000003,681.0,709.000022,394.30000299999995,509.200002,584.4000023000001,743.000007,427.5000023,661.900006,490.90000100000003,430.700016,703.400014,788.1000001,488.200011,501.00000700000004,706.400005,666.300012,639.4000069999998,778.400012,756.7000009999999,556.8000100000002,446.600001,656.900005,599.20001,695.6000009999999,599.7,809.7000001000001,640.200002,644.6000123,402.50001130000004,511.10000299999996,532.900005,476.3000003,661.7000203000001,536.9000013,572.000005,606.1000050000001,685.3000040000001,435.70000500000003,956.000008,824.2,715.700002,574.800014,629.6000019999999,735.700007,568.4000040000001
Utah,449.70000009999995,681.500002,397.300002,445.900005,493.20000300000004,417.30000099999995,497.900003,553.8000019999998,434.900002,400.8,393.40000200000003,353.100004,499.400001,473.200005,424.700007,500.30000300000006,308.4000024,360.80000800000005,393.30001100000004,562.7000062999999,438.900007,517.900004,536.300002,347.6000021,315.400002,478.50000400000005,452.000001,437.70000400000004,562.000008,481.30000200000006,425.30000400000006,434.30000600000005,424.30000099999995,397.6000031,528.4000020000001,391.900004,444.400005,451.400002,513.60001,355.100001,494.7000080000001,384.10000499999995,503.70000600000003,492.800006,334.4000019999999,402.50000300000005,433.300004,470.200004,365.00000500000004,565.6000000000001,479.5000083,405.6000042999999,406.70000000000005,299.70000300000004,432.600001,358.8000063,425.100003,307.00000109999996,448.000005,511.3,520.300008,384.70000229999994,606.5000110000001,481.20000500000003,483.7000060000001,510.900005,451.600013,482.40000800000007,494.900002,421.80000129999996,417.900003,599.300007,493.700001,505.500003,486.400015,499.3000051,452.20000500000003,433.00001,449.8000080000001,411.300004,345.8000011,399.300009,424.00000930000004,333.400001,486.0000020000001,397.600003,314.300002,391.70000530000004,440.800003,395.50001100000003,405.5000031,392.500001,453.3000009999999,434.70000300000004,448.100001,441.4000020000001,370.4000019999999,398.800003,530.9000020000001,590.500004,353.100003,359.500002,509.9000080999999,539.1000023,477.700003,323.6000021,500.800004,440.600007,488.2000060000001,438.20000200000004,412.70000129999994,413.200003,502.10000299999996,397.1000061,349.90000399999997,425.60000500000007,343.80000330000007,548.400002,558.900007,476.000001,448.700004,352.00000400000005
Virginia,962.9000000000001,1139.8000120000002,1113.3,1143.200001,1131.6,1180.7000050000001,1163.1000119999999,1209.200025,1485.9000250000001,1214.0,1181.700012,1322.60002,1363.60002,1072.900012,1101.100015,1024.3000069999998,975.4000169999999,1094.2000189999999,1014.600012,1015.4000050000002,1110.400005,1203.7000199999998,1431.1000099999999,947.900007,1249.50001,1009.7000099999998,1169.100015,959.100032,834.600006,989.700005,1199.1000099999999,966.900024,1008.200012,827.100007,1020.7000170000001,1192.600015,1433.80002,979.800017,1090.50001,1151.700007,1221.4000259999998,908.600017,1379.100013,928.9000050000001,1038.100007,1116.1000150000002,1107.2000099999998,825.8000053,1132.400016,871.0000150000001,1241.3000049999998,959.2000049999999,1032.400012,1034.8000070000003,1237.8000049999998,1262.000005,1307.4000220000003,1044.500017,763.100012,1119.800017,756.0000100000001,810.2000210000001,988.0000100000001,966.0000190000001,1085.200014,1047.000007,1416.700027,1497.2000050000001,921.800009,1158.1000099999999,1269.100012,1114.1000159999999,1336.3000049999998,1024.700017,1173.7000199999998,1111.500007,983.100014,1062.800006,1129.5000100000002,910.8000049999999,1057.30002,1034.500011,1146.6000020000001,1245.4000199999998,1108.1000149999998,1215.1000250000002,1451.70002,1295.1000099999999,1232.6000049999998,1110.20001,1271.70002,1053.700002,1081.100015,1127.200015,1061.2000189999999,1324.800015,1267.6000049999998,1167.200015,985.6000249999998,977.300019,976.000004,1020.4000160000002,932.5000120000001,934.7000150000001,1005.20001,810.200004,1088.100032,1053.900005,1048.9999999999998,1073.3999999999999,811.100004,906.9000120000001,1097.6000199999999,992.6000099999999,1030.500015,910.100021,1028.200027,1237.300007,972.1000059999999,985.800005,1206.50003,1010.900015
Vermont,1078.800005,1024.3000049999998,1049.400017,1083.4000270000001,1004.0000019999999,950.000012,1346.500025,1200.100005,1146.500015,1259.500015,1046.6000049999998,1138.4000019999999,1186.800002,1384.4000099999996,1272.700032,1440.500014,1033.0000100000002,1012.4000149999999,1182.5000049999999,1194.9000150000002,1266.200005,1199.1000060000001,1090.000005,1222.8000200000001,1187.800005,1143.90001,1235.8000200000001,916.1000049999999,965.000005,989.700022,1090.8000089999998,1249.300015,773.000005,1123.300002,1033.70001,999.6000049999999,1124.2000050000001,1205.7000170000001,850.500001,1135.9000199999998,1165.20001,943.1000110000001,1160.200007,1066.2000090000001,1260.4000079999998,1295.4000199999998,1156.500045,1133.800004,1159.2000099999998,1082.400022,1178.500007,1038.00002,1327.80001,1151.3000169999998,1208.70002,1108.600002,1103.30001,913.700015,1013.8000049999998,1018.0000069999999,911.0000170000001,1250.5000170000003,1026.8000000000002,1149.30002,1087.400007,1324.70002,1379.1,1055.700006,1126.900004,1227.50001,1396.700005,1107.3000129999998,1142.000012,1017.4000080000001,1143.2000199999998,1295.1000099999999,835.7000109999999,1101.200022,1320.800015,1092.600005,1140.8000160000001,979.4000170000002,1255.100025,1160.9000320000002,1051.800007,1083.7000070000001,1376.20001,1103.6000099999999,1057.0000169999998,1100.7000050000001,1119.8000099999997,1114.5000049999999,859.4000019999999,1203.7,1020.800017,1307.1000300000003,1188.500015,1355.000005,945.400019,1050.000005,907.100012,1215.2,1012.3,1192.50002,1344.8000370000002,857.5,1080.1000119999999,1488.10001,1014.9000049999999,1099.70002,1000.4,1043.900005,1180.00001,1114.500017,1103.900032,1136.50001,1070.600007,1057.000006,1081.800017,1085.000027,1069.800012,966.100007
Washington,1221.600002,919.900011,1008.4999999999999,1132.2,1107.0000049999999,1133.100007,1173.700037,986.50001,1126.6000060000001,1202.6000310000002,1464.2,705.1000009999999,590.0000161,1071.400002,1349.000001,1178.9000099999998,1081.700005,1055.1000012999998,1304.800001,1158.400005,1296.1999999999998,1125.000011,1392.500014,1219.400045,1221.0000270000003,1164.100025,1007.400001,1208.400012,957.5000110000001,1238.500028,1167.3000033,980.300025,1155.4000199999998,1069.7000170000001,1302.8000053000003,987.200004,1073.700024,1225.800015,1115.500012,1218.3000000000002,1590.9000210000002,1306.7000371,1182.000009,1124.000009,1222.7000120000002,1065.500017,943.9000049999999,1300.0000103,1179.0000260000002,930.400008,1397.700022,1158.600003,1238.6000000000001,1314.3000249999998,1133.3000160000001,858.6000120000001,1065.9000440000002,1192.5000149999998,842.4000039999999,1356.5000329999998,1184.4000099999998,962.100009,1067.600003,1232.200015,993.6000053000001,1027.600015,1046.5000209999998,1069.70002,1062.300006,1371.3000303,1061.4000200000003,1246.6000169999998,1101.000012,1424.5000159999997,953.0000083,971.00001,1326.3000300000003,1358.0000000999999,1224.6000069999998,1050.3000040000002,1090.9,936.800007,1092.5000220000002,1345.9000099999996,1119.4000070000002,1061.5000290000003,1289.2000119999998,994.500005,1014.800012,1099.600008,936.3,1162.5000009999999,1002.2000203,983.3000159999999,1167.200012,1219.5000189999998,1393.0000199999997,1009.5000110000001,1060.700003,1129.2000213000001,802.2000159999999,1047.2000090000001,1131.4000270000001,964.000012,985.1000141000001,1157.000015,1236.5000020000002,1078.4000240000003,1166.900013,1222.40001,1363.7000260000002,1121.500012,1216.20001,1122.300002,1215.1000119999999,892.200021,1133.800011,1274.8000101,1338.400034,1173.8000140000001,1020.2000030000002,1469.3000250000002
Wisconsin,798.700018,682.1000090000001,1000.2000170000001,671.800003,837.100002,871.7000099999999,1038.0,849.9000100000001,866.6000049999999,892.200012,686.3000109999999,724.100008,948.1000140000001,692.100012,981.9000260000001,676.6000050000002,874.2000129999999,805.000005,985.2000300000001,757.200004,750.5000099999999,913.700016,759.800007,756.700017,668.2000059999999,758.1999999999999,814.200008,697.8000089999999,795.1000130000001,785.6000240000001,805.0000170000002,840.900006,737.0000120000001,671.7,842.100002,740.0000180000001,724.400016,775.700005,863.300001,1048.80001,869.100024,772.3999999999999,845.300004,769.1000019999999,1076.3000053,749.5000150000001,630.7000153000001,1030.700015,732.600001,797.8000049999999,841.1000040000001,605.900005,1058.700002,799.3999999999999,846.800007,733.500001,708.8000219999999,657.3000069999999,532.600007,849.6000020000001,869.4000019999999,763.800015,681.500012,843.7000110000001,746.2000009999999,889.400002,932.500002,984.8000040000002,770.4000040000001,1057.20001,838.3000010000001,748.300007,637.3000089999998,635.300012,720.000004,963.100015,773.0999999999999,839.6000009999999,1108.800012,854.5000040000001,710.80001,690.800008,866.2000170000001,848.9000100000001,848.700014,719.7000120000001,1008.900009,800.1000180000001,724.600002,859.5000180000002,687.2000150000001,644.200005,700.000012,914.4000020000001,912.100007,975.9000010000001,629.4000020000001,832.600001,664.000011,787.1000050000001,734.9000100000002,782.000017,833.300012,840.7000059999999,769.10001,842.0000119999999,950.600005,948.3000210000001,684.700002,897.600015,609.600003,728.6000059999999,763.000005,848.0000079999999,681.400003,806.600002,732.40002,657.100008,935.8000019999998,707.300003,566.400001,872.5000050000001
West Virginia,1263.900005,1654.7000150000001,1320.600015,1294.400007,1151.6,1486.300005,1395.0000149999998,1341.900015,1608.0000149999998,1403.1000009999998,1250.100015,1480.2000099999998,1516.6000050000002,1387.70002,1706.700015,1229.500005,1277.100005,1412.40004,1461.900012,1496.400017,1581.0000169999998,1253.00001,1715.500015,1261.5000049999999,1287.800028,1443.90002,1472.9999999999998,1251.200008,1244.9000049999997,1434.000005,1341.50002,1461.200015,1440.7000219999998,1152.700006,1380.300002,1435.9000219999998,1396.700022,1459.2,1333.900015,1397.6000159999999,1269.900017,1165.700015,1465.9000010000002,1137.200005,1214.5000100000002,1439.600022,1380.600011,1175.8000049999998,1300.100017,1273.8000089999998,1492.100015,1202.7000139999998,1424.200015,1337.200019,1632.3000099999997,1327.7000049999997,1544.20003,1351.700005,1229.700005,1171.400009,1157.100004,1227.4000150000002,1353.400039,1535.500015,1481.100025,1377.3000200000001,1525.2000099999998,1456.0000169999998,1339.8000149999998,1371.000025,1562.30003,1565.60004,1400.6999999999998,1123.6000119999999,1395.50003,1424.6000400000003,1430.0,1325.3000199999997,1447.9000170000002,1440.0000099999997,1536.40002,1397.30003,1645.0000099999997,1463.9000249999997,1334.10003,1301.80002,1436.4000249999997,1472.800021,1382.90002,1362.100005,1395.600005,1327.8000169999998,1267.9999999999998,1372.6000220000003,1066.800017,1492.8000069999998,1478.60002,1277.4000119999998,1384.5000200000002,1428.000016,1211.7000110000001,1437.0000169999996,1256.4999999999998,1497.4000250000001,1436.300015,1446.7000099999998,1433.00001,1325.800002,1399.30002,1291.9000150000002,1272.700006,1259.900012,1352.1000000000001,1113.300002,1414.7000150000001,1154.9000180000003,1464.500015,1288.6000099999999,1284.600015,1217.6000049999998,1681.3000149999998,1185.50001
Wyoming,345.70000129999994,363.500005,265.3000013,282.8000023,374.600003,334.00000129999995,362.9,285.200003,288.09999999999997,276.90000200000003,311.40000499999996,399.10000199999996,316.100004,297.4000032999999,256.2,357.40000200000003,280.4000051,339.0000063,392.90001000000007,294.0000031,240.80000400000006,272.900005,260.3000023,229.90000099999997,255.10000300000002,343.20000600000003,272.600009,303.300002,413.9000050000001,246.00000200000002,319.6000001,348.50000500000004,359.90000100000003,303.20001099999996,259.000002,258.100003,285.9000031,297.700003,363.5000090000001,269.0,347.50000300000005,287.5000076,286.2000053,346.500002,258.100002,252.50000230000003,317.70000109999995,225.70000399999995,295.6000053,281.20000799999997,325.90000100000003,314.9000023,269.70000799999997,355.20000300000004,408.400004,182.30000199999998,336.40000200000003,275.9000021,254.29999999999998,215.400002,431.4,362.200001,295.700001,288.40000009999994,338.29999999999995,377.000004,330.600003,319.600004,431.6000093,365.20000300000004,233.800004,384.800008,348.80000199999995,326.900005,426.200003,281.600002,370.10000499999995,278.6000031,337.500002,268.00000700000004,255.80000200000003,385.30000329999996,291.10000099999996,206.600002,312.40000399999997,347.5000013,311.600002,280.400001,343.8,363.300004,278.90000100000003,290.400008,264.6000013,267.40000499999996,309.000004,280.70000330000005,193.7000049,209.90000099999997,260.500001,216.600001,255.100005,285.700002,279.900001,306.000002,353.200003,273.6000063,237.400001,317.0,417.1000033,252.400003,358.0000011,285.500003,334.70000200000004,216.7000013,261.300004,221.10000100000002,287.000001,354.40000000000003,293.200002,189.800006,354.2000103,305.40000130000004
