,Date,GDP,State
0,1997-01-01,255.0,DEAGRRGSP
1,1998-01-01,317.9,DEAGRRGSP
2,1999-01-01,336.0,DEAGRRGSP
3,2000-01-01,388.4,DEAGRRGSP
4,2001-01-01,450.4,DEAGRRGSP
5,2002-01-01,288.0,DEAGRRGSP
6,2003-01-01,409.9,DEAGRRGSP
7,2004-01-01,518.1,DEAGRRGSP
8,2005-01-01,643.8,DEAGRRGSP
9,2006-01-01,538.2,DEAGRRGSP
10,2007-01-01,419.7,DEAGRRGSP
11,2008-01-01,404.9,DEAGRRGSP
12,2009-01-01,631.5,DEAGRRGSP
13,2010-01-01,514.3,DEAGRRGSP
14,2011-01-01,378.1,DEAGRRGSP
15,2012-01-01,414.4,DEAGRRGSP
16,2013-01-01,559.6,DEAGRRGSP
17,2014-01-01,677.6,DEAGRRGSP
18,2015-01-01,614.6,DEAGRRGSP
19,2016-01-01,639.9,DEAGRRGSP
20,2017-01-01,821.4,DEAGRRGSP
21,2018-01-01,870.0,DEAGRRGSP
22,2019-01-01,751.6,DEAGRRGSP
23,2020-01-01,581.4,DEAGRRGSP
24,2021-01-01,576.8,DEAGRRGSP
25,2022-01-01,871.0,DEAGRRGSP
0,1997-01-01,2348.0,SDAGRRGSP
1,1998-01-01,2420.1,SDAGRRGSP
2,1999-01-01,2212.9,SDAGRRGSP
3,2000-01-01,2772.1,SDAGRRGSP
4,2001-01-01,2316.4,SDAGRRGSP
5,2002-01-01,1972.8,SDAGRRGSP
6,2003-01-01,3019.0,SDAGRRGSP
7,2004-01-01,3435.6,SDAGRRGSP
8,2005-01-01,2984.1,SDAGRRGSP
9,2006-01-01,2375.5,SDAGRRGSP
10,2007-01-01,3303.2,SDAGRRGSP
11,2008-01-01,4028.7,SDAGRRGSP
12,2009-01-01,4678.3,SDAGRRGSP
13,2010-01-01,3870.0,SDAGRRGSP
14,2011-01-01,5031.1,SDAGRRGSP
15,2012-01-01,4259.8,SDAGRRGSP
16,2013-01-01,5135.4,SDAGRRGSP
17,2014-01-01,4558.6,SDAGRRGSP
18,2015-01-01,4747.4,SDAGRRGSP
19,2016-01-01,4827.6,SDAGRRGSP
20,2017-01-01,4519.4,SDAGRRGSP
21,2018-01-01,5232.6,SDAGRRGSP
22,2019-01-01,4621.0,SDAGRRGSP
23,2020-01-01,5522.5,SDAGRRGSP
24,2021-01-01,5172.3,SDAGRRGSP
25,2022-01-01,4787.5,SDAGRRGSP
0,1997-01-01,3676.1,KSAGRRGSP
1,1998-01-01,3222.9,KSAGRRGSP
2,1999-01-01,2950.6,KSAGRRGSP
3,2000-01-01,3005.4,KSAGRRGSP
4,2001-01-01,3198.8,KSAGRRGSP
5,2002-01-01,2960.3,KSAGRRGSP
6,2003-01-01,4223.2,KSAGRRGSP
7,2004-01-01,3989.5,KSAGRRGSP
8,2005-01-01,5002.0,KSAGRRGSP
9,2006-01-01,4237.6,KSAGRRGSP
10,2007-01-01,4185.3,KSAGRRGSP
11,2008-01-01,4783.3,KSAGRRGSP
12,2009-01-01,6261.3,KSAGRRGSP
13,2010-01-01,6206.4,KSAGRRGSP
14,2011-01-01,6328.1,KSAGRRGSP
15,2012-01-01,5404.2,KSAGRRGSP
16,2013-01-01,7064.7,KSAGRRGSP
17,2014-01-01,5263.5,KSAGRRGSP
18,2015-01-01,5274.8,KSAGRRGSP
19,2016-01-01,6973.9,KSAGRRGSP
20,2017-01-01,5511.5,KSAGRRGSP
21,2018-01-01,6111.1,KSAGRRGSP
22,2019-01-01,6286.2,KSAGRRGSP
23,2020-01-01,6708.9,KSAGRRGSP
24,2021-01-01,6115.8,KSAGRRGSP
25,2022-01-01,6248.0,KSAGRRGSP
0,1997-01-01,6609.7,FLAGRRGSP
1,1998-01-01,7570.3,FLAGRRGSP
2,1999-01-01,7860.8,FLAGRRGSP
3,2000-01-01,8790.7,FLAGRRGSP
4,2001-01-01,8198.6,FLAGRRGSP
5,2002-01-01,8600.2,FLAGRRGSP
6,2003-01-01,8125.5,FLAGRRGSP
7,2004-01-01,7508.0,FLAGRRGSP
8,2005-01-01,8885.0,FLAGRRGSP
9,2006-01-01,9468.7,FLAGRRGSP
10,2007-01-01,7619.3,FLAGRRGSP
11,2008-01-01,6784.6,FLAGRRGSP
12,2009-01-01,8022.9,FLAGRRGSP
13,2010-01-01,7892.0,FLAGRRGSP
14,2011-01-01,6225.6,FLAGRRGSP
15,2012-01-01,6606.9,FLAGRRGSP
16,2013-01-01,6136.8,FLAGRRGSP
17,2014-01-01,6534.8,FLAGRRGSP
18,2015-01-01,7998.1,FLAGRRGSP
19,2016-01-01,8088.4,FLAGRRGSP
20,2017-01-01,7957.5,FLAGRRGSP
21,2018-01-01,7927.8,FLAGRRGSP
22,2019-01-01,7592.0,FLAGRRGSP
23,2020-01-01,7440.7,FLAGRRGSP
24,2021-01-01,5862.4,FLAGRRGSP
25,2022-01-01,4849.2,FLAGRRGSP
0,1997-01-01,1156.8,NMAGRRGSP
1,1998-01-01,1217.4,NMAGRRGSP
2,1999-01-01,1418.1,NMAGRRGSP
3,2000-01-01,1431.9,NMAGRRGSP
4,2001-01-01,1623.1,NMAGRRGSP
5,2002-01-01,1403.3,NMAGRRGSP
6,2003-01-01,1325.6,NMAGRRGSP
7,2004-01-01,1631.6,NMAGRRGSP
8,2005-01-01,1889.3,NMAGRRGSP
9,2006-01-01,1646.6,NMAGRRGSP
10,2007-01-01,1614.8,NMAGRRGSP
11,2008-01-01,1438.0,NMAGRRGSP
12,2009-01-01,1342.3,NMAGRRGSP
13,2010-01-01,1750.5,NMAGRRGSP
14,2011-01-01,1597.7,NMAGRRGSP
15,2012-01-01,1405.8,NMAGRRGSP
16,2013-01-01,1368.6,NMAGRRGSP
17,2014-01-01,1679.6,NMAGRRGSP
18,2015-01-01,1641.1,NMAGRRGSP
19,2016-01-01,2059.8,NMAGRRGSP
20,2017-01-01,1936.7,NMAGRRGSP
21,2018-01-01,1882.9,NMAGRRGSP
22,2019-01-01,2014.1,NMAGRRGSP
23,2020-01-01,1794.6,NMAGRRGSP
24,2021-01-01,1319.1,NMAGRRGSP
25,2022-01-01,1375.4,NMAGRRGSP
0,1997-01-01,2832.9,PAAGRRGSP
1,1998-01-01,3127.7,PAAGRRGSP
2,1999-01-01,3266.5,PAAGRRGSP
3,2000-01-01,4100.2,PAAGRRGSP
4,2001-01-01,3804.9,PAAGRRGSP
5,2002-01-01,3422.6,PAAGRRGSP
6,2003-01-01,3947.9,PAAGRRGSP
7,2004-01-01,4246.0,PAAGRRGSP
8,2005-01-01,4640.9,PAAGRRGSP
9,2006-01-01,4741.0,PAAGRRGSP
10,2007-01-01,3953.7,PAAGRRGSP
11,2008-01-01,3738.4,PAAGRRGSP
12,2009-01-01,3905.2,PAAGRRGSP
13,2010-01-01,3952.3,PAAGRRGSP
14,2011-01-01,3698.7,PAAGRRGSP
15,2012-01-01,3734.0,PAAGRRGSP
16,2013-01-01,4030.5,PAAGRRGSP
17,2014-01-01,4794.5,PAAGRRGSP
18,2015-01-01,4465.0,PAAGRRGSP
19,2016-01-01,4122.5,PAAGRRGSP
20,2017-01-01,4649.6,PAAGRRGSP
21,2018-01-01,4353.4,PAAGRRGSP
22,2019-01-01,4576.4,PAAGRRGSP
23,2020-01-01,3990.3,PAAGRRGSP
24,2021-01-01,3875.8,PAAGRRGSP
25,2022-01-01,4013.5,PAAGRRGSP
0,1997-01-01,1075.8,MTAGRRGSP
1,1998-01-01,1067.6,MTAGRRGSP
2,1999-01-01,1112.6,MTAGRRGSP
3,2000-01-01,1076.8,MTAGRRGSP
4,2001-01-01,1095.2,MTAGRRGSP
5,2002-01-01,1267.8,MTAGRRGSP
6,2003-01-01,1331.2,MTAGRRGSP
7,2004-01-01,1582.9,MTAGRRGSP
8,2005-01-01,1827.5,MTAGRRGSP
9,2006-01-01,1471.8,MTAGRRGSP
10,2007-01-01,1558.0,MTAGRRGSP
11,2008-01-01,1699.6,MTAGRRGSP
12,2009-01-01,1893.4,MTAGRRGSP
13,2010-01-01,1920.4,MTAGRRGSP
14,2011-01-01,1677.2,MTAGRRGSP
15,2012-01-01,1826.3,MTAGRRGSP
16,2013-01-01,2063.8,MTAGRRGSP
17,2014-01-01,2180.0,MTAGRRGSP
18,2015-01-01,2487.3,MTAGRRGSP
19,2016-01-01,2637.1,MTAGRRGSP
20,2017-01-01,1884.3,MTAGRRGSP
21,2018-01-01,2387.4,MTAGRRGSP
22,2019-01-01,2590.3,MTAGRRGSP
23,2020-01-01,2519.6,MTAGRRGSP
24,2021-01-01,1762.1,MTAGRRGSP
25,2022-01-01,1861.1,MTAGRRGSP
0,1997-01-01,3605.5,ORAGRRGSP
1,1998-01-01,3400.7,ORAGRRGSP
2,1999-01-01,3752.9,ORAGRRGSP
3,2000-01-01,4016.1,ORAGRRGSP
4,2001-01-01,3881.5,ORAGRRGSP
5,2002-01-01,4291.9,ORAGRRGSP
6,2003-01-01,4594.9,ORAGRRGSP
7,2004-01-01,4509.5,ORAGRRGSP
8,2005-01-01,4845.7,ORAGRRGSP
9,2006-01-01,5524.0,ORAGRRGSP
10,2007-01-01,4215.2,ORAGRRGSP
11,2008-01-01,4125.1,ORAGRRGSP
12,2009-01-01,4362.0,ORAGRRGSP
13,2010-01-01,3776.7,ORAGRRGSP
14,2011-01-01,3513.4,ORAGRRGSP
15,2012-01-01,3661.5,ORAGRRGSP
16,2013-01-01,3835.7,ORAGRRGSP
17,2014-01-01,4113.0,ORAGRRGSP
18,2015-01-01,4705.9,ORAGRRGSP
19,2016-01-01,5304.3,ORAGRRGSP
20,2017-01-01,4621.4,ORAGRRGSP
21,2018-01-01,5195.9,ORAGRRGSP
22,2019-01-01,4825.5,ORAGRRGSP
23,2020-01-01,4939.1,ORAGRRGSP
24,2021-01-01,4290.2,ORAGRRGSP
25,2022-01-01,3813.5,ORAGRRGSP
0,1997-01-01,2971.0,MOAGRRGSP
1,1998-01-01,2284.6,MOAGRRGSP
2,1999-01-01,1765.9,MOAGRRGSP
3,2000-01-01,2659.1,MOAGRRGSP
4,2001-01-01,2585.5,MOAGRRGSP
5,2002-01-01,2669.0,MOAGRRGSP
6,2003-01-01,3351.6,MOAGRRGSP
7,2004-01-01,4829.7,MOAGRRGSP
8,2005-01-01,3910.2,MOAGRRGSP
9,2006-01-01,4404.6,MOAGRRGSP
10,2007-01-01,3641.9,MOAGRRGSP
11,2008-01-01,4439.1,MOAGRRGSP
12,2009-01-01,5046.3,MOAGRRGSP
13,2010-01-01,4266.3,MOAGRRGSP
14,2011-01-01,4137.7,MOAGRRGSP
15,2012-01-01,3341.4,MOAGRRGSP
16,2013-01-01,4622.6,MOAGRRGSP
17,2014-01-01,5372.5,MOAGRRGSP
18,2015-01-01,4008.0,MOAGRRGSP
19,2016-01-01,4889.1,MOAGRRGSP
20,2017-01-01,4644.2,MOAGRRGSP
21,2018-01-01,4213.3,MOAGRRGSP
22,2019-01-01,4188.0,MOAGRRGSP
23,2020-01-01,4797.5,MOAGRRGSP
24,2021-01-01,4436.4,MOAGRRGSP
25,2022-01-01,5242.3,MOAGRRGSP
0,1997-01-01,157.4,NHAGRRGSP
1,1998-01-01,169.7,NHAGRRGSP
2,1999-01-01,202.7,NHAGRRGSP
3,2000-01-01,219.5,NHAGRRGSP
4,2001-01-01,214.5,NHAGRRGSP
5,2002-01-01,220.3,NHAGRRGSP
6,2003-01-01,240.7,NHAGRRGSP
7,2004-01-01,241.4,NHAGRRGSP
8,2005-01-01,223.1,NHAGRRGSP
9,2006-01-01,240.8,NHAGRRGSP
10,2007-01-01,191.1,NHAGRRGSP
11,2008-01-01,211.2,NHAGRRGSP
12,2009-01-01,210.2,NHAGRRGSP
13,2010-01-01,204.2,NHAGRRGSP
14,2011-01-01,195.6,NHAGRRGSP
15,2012-01-01,227.1,NHAGRRGSP
16,2013-01-01,224.5,NHAGRRGSP
17,2014-01-01,228.9,NHAGRRGSP
18,2015-01-01,264.2,NHAGRRGSP
19,2016-01-01,261.6,NHAGRRGSP
20,2017-01-01,263.8,NHAGRRGSP
21,2018-01-01,235.8,NHAGRRGSP
22,2019-01-01,246.7,NHAGRRGSP
23,2020-01-01,242.0,NHAGRRGSP
24,2021-01-01,176.5,NHAGRRGSP
25,2022-01-01,170.2,NHAGRRGSP
0,1997-01-01,215.3,NVAGRRGSP
1,1998-01-01,255.7,NVAGRRGSP
2,1999-01-01,276.9,NVAGRRGSP
3,2000-01-01,347.2,NVAGRRGSP
4,2001-01-01,325.6,NVAGRRGSP
5,2002-01-01,302.2,NVAGRRGSP
6,2003-01-01,288.7,NVAGRRGSP
7,2004-01-01,314.6,NVAGRRGSP
8,2005-01-01,378.7,NVAGRRGSP
9,2006-01-01,417.2,NVAGRRGSP
10,2007-01-01,271.8,NVAGRRGSP
11,2008-01-01,351.1,NVAGRRGSP
12,2009-01-01,413.8,NVAGRRGSP
13,2010-01-01,380.9,NVAGRRGSP
14,2011-01-01,378.2,NVAGRRGSP
15,2012-01-01,291.5,NVAGRRGSP
16,2013-01-01,297.1,NVAGRRGSP
17,2014-01-01,407.6,NVAGRRGSP
18,2015-01-01,383.4,NVAGRRGSP
19,2016-01-01,370.6,NVAGRRGSP
20,2017-01-01,391.0,NVAGRRGSP
21,2018-01-01,403.4,NVAGRRGSP
22,2019-01-01,483.3,NVAGRRGSP
23,2020-01-01,425.6,NVAGRRGSP
24,2021-01-01,373.9,NVAGRRGSP
25,2022-01-01,336.3,NVAGRRGSP
0,1997-01-01,1563.2,VAAGRRGSP
1,1998-01-01,1640.2,VAAGRRGSP
2,1999-01-01,1617.4,VAAGRRGSP
3,2000-01-01,2083.5,VAAGRRGSP
4,2001-01-01,1845.4,VAAGRRGSP
5,2002-01-01,1731.7,VAAGRRGSP
6,2003-01-01,1609.0,VAAGRRGSP
7,2004-01-01,2064.3,VAAGRRGSP
8,2005-01-01,2275.3,VAAGRRGSP
9,2006-01-01,2119.1,VAAGRRGSP
10,2007-01-01,1663.6,VAAGRRGSP
11,2008-01-01,1708.2,VAAGRRGSP
12,2009-01-01,2057.2,VAAGRRGSP
13,2010-01-01,1778.6,VAAGRRGSP
14,2011-01-01,1807.8,VAAGRRGSP
15,2012-01-01,1671.8,VAAGRRGSP
16,2013-01-01,1868.8,VAAGRRGSP
17,2014-01-01,2007.9,VAAGRRGSP
18,2015-01-01,2164.1,VAAGRRGSP
19,2016-01-01,2148.7,VAAGRRGSP
20,2017-01-01,2316.6,VAAGRRGSP
21,2018-01-01,2207.3,VAAGRRGSP
22,2019-01-01,2161.0,VAAGRRGSP
23,2020-01-01,2132.4,VAAGRRGSP
24,2021-01-01,1861.1,VAAGRRGSP
25,2022-01-01,1620.9,VAAGRRGSP
0,1997-01-01,789.6,MEAGRRGSP
1,1998-01-01,916.2,MEAGRRGSP
2,1999-01-01,1029.0,MEAGRRGSP
3,2000-01-01,1183.7,MEAGRRGSP
4,2001-01-01,1201.2,MEAGRRGSP
5,2002-01-01,1140.6,MEAGRRGSP
6,2003-01-01,1129.6,MEAGRRGSP
7,2004-01-01,1019.9,MEAGRRGSP
8,2005-01-01,1044.4,MEAGRRGSP
9,2006-01-01,1121.8,MEAGRRGSP
10,2007-01-01,916.1,MEAGRRGSP
11,2008-01-01,900.0,MEAGRRGSP
12,2009-01-01,965.5,MEAGRRGSP
13,2010-01-01,994.9,MEAGRRGSP
14,2011-01-01,877.9,MEAGRRGSP
15,2012-01-01,853.0,MEAGRRGSP
16,2013-01-01,818.8,MEAGRRGSP
17,2014-01-01,841.5,MEAGRRGSP
18,2015-01-01,1008.6,MEAGRRGSP
19,2016-01-01,996.7,MEAGRRGSP
20,2017-01-01,956.0,MEAGRRGSP
21,2018-01-01,947.3,MEAGRRGSP
22,2019-01-01,955.5,MEAGRRGSP
23,2020-01-01,912.0,MEAGRRGSP
24,2021-01-01,775.5,MEAGRRGSP
25,2022-01-01,668.5,MEAGRRGSP
0,1997-01-01,4860.4,ILAGRRGSP
1,1998-01-01,3935.6,ILAGRRGSP
2,1999-01-01,2590.4,ILAGRRGSP
3,2000-01-01,3691.4,ILAGRRGSP
4,2001-01-01,3308.3,ILAGRRGSP
5,2002-01-01,4265.9,ILAGRRGSP
6,2003-01-01,5170.7,ILAGRRGSP
7,2004-01-01,6492.8,ILAGRRGSP
8,2005-01-01,3874.7,ILAGRRGSP
9,2006-01-01,5820.8,ILAGRRGSP
10,2007-01-01,6203.3,ILAGRRGSP
11,2008-01-01,8068.5,ILAGRRGSP
12,2009-01-01,7695.8,ILAGRRGSP
13,2010-01-01,6595.8,ILAGRRGSP
14,2011-01-01,7987.2,ILAGRRGSP
15,2012-01-01,5894.1,ILAGRRGSP
16,2013-01-01,10513.3,ILAGRRGSP
17,2014-01-01,8197.2,ILAGRRGSP
18,2015-01-01,5561.3,ILAGRRGSP
19,2016-01-01,8678.0,ILAGRRGSP
20,2017-01-01,8026.0,ILAGRRGSP
21,2018-01-01,9160.6,ILAGRRGSP
22,2019-01-01,6787.3,ILAGRRGSP
23,2020-01-01,8812.3,ILAGRRGSP
24,2021-01-01,10452.3,ILAGRRGSP
25,2022-01-01,9615.8,ILAGRRGSP
0,1997-01-01,22954.9,CAAGRRGSP
1,1998-01-01,22412.1,CAAGRRGSP
2,1999-01-01,25583.5,CAAGRRGSP
3,2000-01-01,28517.0,CAAGRRGSP
4,2001-01-01,26809.7,CAAGRRGSP
5,2002-01-01,30251.2,CAAGRRGSP
6,2003-01-01,31116.4,CAAGRRGSP
7,2004-01-01,32346.1,CAAGRRGSP
8,2005-01-01,37268.6,CAAGRRGSP
9,2006-01-01,37079.5,CAAGRRGSP
10,2007-01-01,34328.5,CAAGRRGSP
11,2008-01-01,30997.7,CAAGRRGSP
12,2009-01-01,36797.3,CAAGRRGSP
13,2010-01-01,36130.0,CAAGRRGSP
14,2011-01-01,33006.9,CAAGRRGSP
15,2012-01-01,33913.8,CAAGRRGSP
16,2013-01-01,36239.6,CAAGRRGSP
17,2014-01-01,41693.5,CAAGRRGSP
18,2015-01-01,44534.1,CAAGRRGSP
19,2016-01-01,49341.1,CAAGRRGSP
20,2017-01-01,48542.5,CAAGRRGSP
21,2018-01-01,49627.8,CAAGRRGSP
22,2019-01-01,47432.4,CAAGRRGSP
23,2020-01-01,49356.9,CAAGRRGSP
24,2021-01-01,38853.6,CAAGRRGSP
25,2022-01-01,35827.5,CAAGRRGSP
0,1997-01-01,540.8,WYAGRRGSP
1,1998-01-01,430.2,WYAGRRGSP
2,1999-01-01,569.4,WYAGRRGSP
3,2000-01-01,595.4,WYAGRRGSP
4,2001-01-01,630.8,WYAGRRGSP
5,2002-01-01,512.4,WYAGRRGSP
6,2003-01-01,636.3,WYAGRRGSP
7,2004-01-01,576.9,WYAGRRGSP
8,2005-01-01,644.4,WYAGRRGSP
9,2006-01-01,677.3,WYAGRRGSP
10,2007-01-01,440.5,WYAGRRGSP
11,2008-01-01,544.5,WYAGRRGSP
12,2009-01-01,690.3,WYAGRRGSP
13,2010-01-01,705.8,WYAGRRGSP
14,2011-01-01,816.5,WYAGRRGSP
15,2012-01-01,561.2,WYAGRRGSP
16,2013-01-01,696.3,WYAGRRGSP
17,2014-01-01,799.7,WYAGRRGSP
18,2015-01-01,891.0,WYAGRRGSP
19,2016-01-01,950.6,WYAGRRGSP
20,2017-01-01,867.7,WYAGRRGSP
21,2018-01-01,953.9,WYAGRRGSP
22,2019-01-01,951.4,WYAGRRGSP
23,2020-01-01,946.1,WYAGRRGSP
24,2021-01-01,656.0,WYAGRRGSP
25,2022-01-01,473.7,WYAGRRGSP
0,1997-01-01,4361.0,NEAGRRGSP
1,1998-01-01,3927.6,NEAGRRGSP
2,1999-01-01,3384.2,NEAGRRGSP
3,2000-01-01,3650.8,NEAGRRGSP
4,2001-01-01,3956.4,NEAGRRGSP
5,2002-01-01,3901.0,NEAGRRGSP
6,2003-01-01,6190.8,NEAGRRGSP
7,2004-01-01,5652.6,NEAGRRGSP
8,2005-01-01,6332.3,NEAGRRGSP
9,2006-01-01,5487.8,NEAGRRGSP
10,2007-01-01,6103.4,NEAGRRGSP
11,2008-01-01,6556.6,NEAGRRGSP
12,2009-01-01,7952.2,NEAGRRGSP
13,2010-01-01,7655.4,NEAGRRGSP
14,2011-01-01,9719.0,NEAGRRGSP
15,2012-01-01,7536.9,NEAGRRGSP
16,2013-01-01,9778.5,NEAGRRGSP
17,2014-01-01,9246.5,NEAGRRGSP
18,2015-01-01,10166.1,NEAGRRGSP
19,2016-01-01,10477.7,NEAGRRGSP
20,2017-01-01,7706.3,NEAGRRGSP
21,2018-01-01,8262.7,NEAGRRGSP
22,2019-01-01,8987.2,NEAGRRGSP
23,2020-01-01,10070.1,NEAGRRGSP
24,2021-01-01,9873.3,NEAGRRGSP
25,2022-01-01,9722.9,NEAGRRGSP
0,1997-01-01,2675.1,KYAGRRGSP
1,1998-01-01,2616.5,KYAGRRGSP
2,1999-01-01,2482.3,KYAGRRGSP
3,2000-01-01,3601.3,KYAGRRGSP
4,2001-01-01,2910.6,KYAGRRGSP
5,2002-01-01,2803.2,KYAGRRGSP
6,2003-01-01,2740.2,KYAGRRGSP
7,2004-01-01,3278.7,KYAGRRGSP
8,2005-01-01,3382.8,KYAGRRGSP
9,2006-01-01,3805.5,KYAGRRGSP
10,2007-01-01,2574.4,KYAGRRGSP
11,2008-01-01,1852.6,KYAGRRGSP
12,2009-01-01,2854.5,KYAGRRGSP
13,2010-01-01,2042.4,KYAGRRGSP
14,2011-01-01,2212.0,KYAGRRGSP
15,2012-01-01,2106.8,KYAGRRGSP
16,2013-01-01,3768.6,KYAGRRGSP
17,2014-01-01,3276.5,KYAGRRGSP
18,2015-01-01,3623.3,KYAGRRGSP
19,2016-01-01,3577.1,KYAGRRGSP
20,2017-01-01,3927.6,KYAGRRGSP
21,2018-01-01,3829.2,KYAGRRGSP
22,2019-01-01,3831.4,KYAGRRGSP
23,2020-01-01,3504.8,KYAGRRGSP
24,2021-01-01,3624.0,KYAGRRGSP
25,2022-01-01,3335.7,KYAGRRGSP
0,1997-01-01,1258.6,SCAGRRGSP
1,1998-01-01,1115.5,SCAGRRGSP
2,1999-01-01,1209.9,SCAGRRGSP
3,2000-01-01,1521.5,SCAGRRGSP
4,2001-01-01,1639.5,SCAGRRGSP
5,2002-01-01,1193.7,SCAGRRGSP
6,2003-01-01,1594.9,SCAGRRGSP
7,2004-01-01,1695.4,SCAGRRGSP
8,2005-01-01,1653.6,SCAGRRGSP
9,2006-01-01,1686.7,SCAGRRGSP
10,2007-01-01,1201.5,SCAGRRGSP
11,2008-01-01,1311.0,SCAGRRGSP
12,2009-01-01,1625.3,SCAGRRGSP
13,2010-01-01,1482.8,SCAGRRGSP
14,2011-01-01,1130.6,SCAGRRGSP
15,2012-01-01,1166.0,SCAGRRGSP
16,2013-01-01,1389.5,SCAGRRGSP
17,2014-01-01,1114.0,SCAGRRGSP
18,2015-01-01,1234.7,SCAGRRGSP
19,2016-01-01,1332.8,SCAGRRGSP
20,2017-01-01,1399.1,SCAGRRGSP
21,2018-01-01,1369.1,SCAGRRGSP
22,2019-01-01,1266.6,SCAGRRGSP
23,2020-01-01,1196.8,SCAGRRGSP
24,2021-01-01,1350.3,SCAGRRGSP
25,2022-01-01,1511.2,SCAGRRGSP
0,1997-01-01,3398.5,INAGRRGSP
1,1998-01-01,2876.6,INAGRRGSP
2,1999-01-01,2201.2,INAGRRGSP
3,2000-01-01,2992.6,INAGRRGSP
4,2001-01-01,3197.5,INAGRRGSP
5,2002-01-01,3132.1,INAGRRGSP
6,2003-01-01,3869.1,INAGRRGSP
7,2004-01-01,4303.0,INAGRRGSP
8,2005-01-01,3314.7,INAGRRGSP
9,2006-01-01,3936.8,INAGRRGSP
10,2007-01-01,3895.3,INAGRRGSP
11,2008-01-01,4895.9,INAGRRGSP
12,2009-01-01,4920.2,INAGRRGSP
13,2010-01-01,4429.5,INAGRRGSP
14,2011-01-01,4797.7,INAGRRGSP
15,2012-01-01,4102.8,INAGRRGSP
16,2013-01-01,7059.5,INAGRRGSP
17,2014-01-01,5706.2,INAGRRGSP
18,2015-01-01,4697.4,INAGRRGSP
19,2016-01-01,5451.9,INAGRRGSP
20,2017-01-01,5248.0,INAGRRGSP
21,2018-01-01,5571.0,INAGRRGSP
22,2019-01-01,4335.4,INAGRRGSP
23,2020-01-01,6182.7,INAGRRGSP
24,2021-01-01,6341.3,INAGRRGSP
25,2022-01-01,7145.7,INAGRRGSP
0,1997-01-01,653.3,UTAGRRGSP
1,1998-01-01,713.1,UTAGRRGSP
2,1999-01-01,784.0,UTAGRRGSP
3,2000-01-01,821.9,UTAGRRGSP
4,2001-01-01,905.9,UTAGRRGSP
5,2002-01-01,761.4,UTAGRRGSP
6,2003-01-01,716.5,UTAGRRGSP
7,2004-01-01,780.1,UTAGRRGSP
8,2005-01-01,855.8,UTAGRRGSP
9,2006-01-01,747.3,UTAGRRGSP
10,2007-01-01,660.0,UTAGRRGSP
11,2008-01-01,647.3,UTAGRRGSP
12,2009-01-01,576.0,UTAGRRGSP
13,2010-01-01,755.9,UTAGRRGSP
14,2011-01-01,790.0,UTAGRRGSP
15,2012-01-01,710.9,UTAGRRGSP
16,2013-01-01,934.2,UTAGRRGSP
17,2014-01-01,1101.5,UTAGRRGSP
18,2015-01-01,1246.2,UTAGRRGSP
19,2016-01-01,1201.5,UTAGRRGSP
20,2017-01-01,1174.1,UTAGRRGSP
21,2018-01-01,1254.7,UTAGRRGSP
22,2019-01-01,1288.6,UTAGRRGSP
23,2020-01-01,1207.4,UTAGRRGSP
24,2021-01-01,973.3,UTAGRRGSP
25,2022-01-01,1019.6,UTAGRRGSP
0,1997-01-01,2258.3,MIAGRRGSP
1,1998-01-01,2291.0,MIAGRRGSP
2,1999-01-01,2613.2,MIAGRRGSP
3,2000-01-01,2639.1,MIAGRRGSP
4,2001-01-01,2534.7,MIAGRRGSP
5,2002-01-01,2861.8,MIAGRRGSP
6,2003-01-01,2768.0,MIAGRRGSP
7,2004-01-01,3265.1,MIAGRRGSP
8,2005-01-01,3447.2,MIAGRRGSP
9,2006-01-01,4122.2,MIAGRRGSP
10,2007-01-01,3324.0,MIAGRRGSP
11,2008-01-01,3366.1,MIAGRRGSP
12,2009-01-01,3468.7,MIAGRRGSP
13,2010-01-01,3778.0,MIAGRRGSP
14,2011-01-01,4245.2,MIAGRRGSP
15,2012-01-01,3260.9,MIAGRRGSP
16,2013-01-01,3789.3,MIAGRRGSP
17,2014-01-01,3620.1,MIAGRRGSP
18,2015-01-01,3942.4,MIAGRRGSP
19,2016-01-01,4019.7,MIAGRRGSP
20,2017-01-01,4141.1,MIAGRRGSP
21,2018-01-01,4193.6,MIAGRRGSP
22,2019-01-01,3870.0,MIAGRRGSP
23,2020-01-01,4791.6,MIAGRRGSP
24,2021-01-01,4306.0,MIAGRRGSP
25,2022-01-01,4845.4,MIAGRRGSP
0,1997-01-01,383.2,CTAGRRGSP
1,1998-01-01,430.2,CTAGRRGSP
2,1999-01-01,486.9,CTAGRRGSP
3,2000-01-01,625.2,CTAGRRGSP
4,2001-01-01,547.3,CTAGRRGSP
5,2002-01-01,537.6,CTAGRRGSP
6,2003-01-01,512.2,CTAGRRGSP
7,2004-01-01,500.5,CTAGRRGSP
8,2005-01-01,563.1,CTAGRRGSP
9,2006-01-01,566.5,CTAGRRGSP
10,2007-01-01,471.4,CTAGRRGSP
11,2008-01-01,473.5,CTAGRRGSP
12,2009-01-01,550.6,CTAGRRGSP
13,2010-01-01,504.6,CTAGRRGSP
14,2011-01-01,388.9,CTAGRRGSP
15,2012-01-01,412.5,CTAGRRGSP
16,2013-01-01,415.3,CTAGRRGSP
17,2014-01-01,371.6,CTAGRRGSP
18,2015-01-01,458.6,CTAGRRGSP
19,2016-01-01,445.7,CTAGRRGSP
20,2017-01-01,450.0,CTAGRRGSP
21,2018-01-01,432.4,CTAGRRGSP
22,2019-01-01,474.1,CTAGRRGSP
23,2020-01-01,400.1,CTAGRRGSP
24,2021-01-01,314.1,CTAGRRGSP
25,2022-01-01,308.9,CTAGRRGSP
0,1997-01-01,4739.4,WAAGRRGSP
1,1998-01-01,4893.0,WAAGRRGSP
2,1999-01-01,5134.8,WAAGRRGSP
3,2000-01-01,5829.3,WAAGRRGSP
4,2001-01-01,5299.6,WAAGRRGSP
5,2002-01-01,6026.3,WAAGRRGSP
6,2003-01-01,6775.7,WAAGRRGSP
7,2004-01-01,6542.4,WAAGRRGSP
8,2005-01-01,6956.4,WAAGRRGSP
9,2006-01-01,7801.4,WAAGRRGSP
10,2007-01-01,7396.9,WAAGRRGSP
11,2008-01-01,6964.1,WAAGRRGSP
12,2009-01-01,7841.8,WAAGRRGSP
13,2010-01-01,7330.4,WAAGRRGSP
14,2011-01-01,7158.7,WAAGRRGSP
15,2012-01-01,7298.7,WAAGRRGSP
16,2013-01-01,7047.2,WAAGRRGSP
17,2014-01-01,7297.7,WAAGRRGSP
18,2015-01-01,9194.2,WAAGRRGSP
19,2016-01-01,9542.7,WAAGRRGSP
20,2017-01-01,8973.9,WAAGRRGSP
21,2018-01-01,9625.8,WAAGRRGSP
22,2019-01-01,9718.3,WAAGRRGSP
23,2020-01-01,9808.7,WAAGRRGSP
24,2021-01-01,7341.7,WAAGRRGSP
25,2022-01-01,6763.3,WAAGRRGSP
0,1997-01-01,115.9,RIAGRRGSP
1,1998-01-01,133.8,RIAGRRGSP
2,1999-01-01,149.6,RIAGRRGSP
3,2000-01-01,175.6,RIAGRRGSP
4,2001-01-01,175.5,RIAGRRGSP
5,2002-01-01,179.0,RIAGRRGSP
6,2003-01-01,173.2,RIAGRRGSP
7,2004-01-01,151.5,RIAGRRGSP
8,2005-01-01,148.4,RIAGRRGSP
9,2006-01-01,163.2,RIAGRRGSP
10,2007-01-01,121.3,RIAGRRGSP
11,2008-01-01,135.6,RIAGRRGSP
12,2009-01-01,144.0,RIAGRRGSP
13,2010-01-01,137.3,RIAGRRGSP
14,2011-01-01,117.3,RIAGRRGSP
15,2012-01-01,106.1,RIAGRRGSP
16,2013-01-01,100.0,RIAGRRGSP
17,2014-01-01,99.0,RIAGRRGSP
18,2015-01-01,119.8,RIAGRRGSP
19,2016-01-01,123.3,RIAGRRGSP
20,2017-01-01,123.5,RIAGRRGSP
21,2018-01-01,119.9,RIAGRRGSP
22,2019-01-01,115.4,RIAGRRGSP
23,2020-01-01,116.4,RIAGRRGSP
24,2021-01-01,102.1,RIAGRRGSP
25,2022-01-01,88.3,RIAGRRGSP
0,1997-01-01,8438.8,TXAGRRGSP
1,1998-01-01,8180.1,TXAGRRGSP
2,1999-01-01,10109.3,TXAGRRGSP
3,2000-01-01,10543.5,TXAGRRGSP
4,2001-01-01,9673.6,TXAGRRGSP
5,2002-01-01,11645.4,TXAGRRGSP
6,2003-01-01,12685.0,TXAGRRGSP
7,2004-01-01,12534.1,TXAGRRGSP
8,2005-01-01,12546.5,TXAGRRGSP
9,2006-01-01,11556.4,TXAGRRGSP
10,2007-01-01,10056.7,TXAGRRGSP
11,2008-01-01,7644.6,TXAGRRGSP
12,2009-01-01,8391.4,TXAGRRGSP
13,2010-01-01,11826.3,TXAGRRGSP
14,2011-01-01,8571.9,TXAGRRGSP
15,2012-01-01,8137.5,TXAGRRGSP
16,2013-01-01,10448.6,TXAGRRGSP
17,2014-01-01,10802.5,TXAGRRGSP
18,2015-01-01,15203.6,TXAGRRGSP
19,2016-01-01,13311.6,TXAGRRGSP
20,2017-01-01,13608.4,TXAGRRGSP
21,2018-01-01,13384.8,TXAGRRGSP
22,2019-01-01,11839.9,TXAGRRGSP
23,2020-01-01,11522.9,TXAGRRGSP
24,2021-01-01,11580.3,TXAGRRGSP
25,2022-01-01,10789.0,TXAGRRGSP
0,1997-01-01,5417.0,NCAGRRGSP
1,1998-01-01,4559.0,NCAGRRGSP
2,1999-01-01,4514.2,NCAGRRGSP
3,2000-01-01,6409.5,NCAGRRGSP
4,2001-01-01,6185.0,NCAGRRGSP
5,2002-01-01,4213.1,NCAGRRGSP
6,2003-01-01,4277.8,NCAGRRGSP
7,2004-01-01,5369.8,NCAGRRGSP
8,2005-01-01,6134.1,NCAGRRGSP
9,2006-01-01,6216.7,NCAGRRGSP
10,2007-01-01,4701.7,NCAGRRGSP
11,2008-01-01,4666.7,NCAGRRGSP
12,2009-01-01,5920.8,NCAGRRGSP
13,2010-01-01,5388.5,NCAGRRGSP
14,2011-01-01,3897.9,NCAGRRGSP
15,2012-01-01,4579.4,NCAGRRGSP
16,2013-01-01,5037.4,NCAGRRGSP
17,2014-01-01,5731.4,NCAGRRGSP
18,2015-01-01,6143.1,NCAGRRGSP
19,2016-01-01,6191.1,NCAGRRGSP
20,2017-01-01,6620.2,NCAGRRGSP
21,2018-01-01,5654.0,NCAGRRGSP
22,2019-01-01,5205.3,NCAGRRGSP
23,2020-01-01,4334.2,NCAGRRGSP
24,2021-01-01,5397.6,NCAGRRGSP
25,2022-01-01,7013.1,NCAGRRGSP
0,1997-01-01,2176.8,ALAGRRGSP
1,1998-01-01,2411.3,ALAGRRGSP
2,1999-01-01,2730.5,ALAGRRGSP
3,2000-01-01,2685.6,ALAGRRGSP
4,2001-01-01,2933.3,ALAGRRGSP
5,2002-01-01,2528.7,ALAGRRGSP
6,2003-01-01,3127.7,ALAGRRGSP
7,2004-01-01,3638.3,ALAGRRGSP
8,2005-01-01,3806.4,ALAGRRGSP
9,2006-01-01,3156.4,ALAGRRGSP
10,2007-01-01,2308.3,ALAGRRGSP
11,2008-01-01,2203.5,ALAGRRGSP
12,2009-01-01,2766.9,ALAGRRGSP
13,2010-01-01,2410.8,ALAGRRGSP
14,2011-01-01,1608.8,ALAGRRGSP
15,2012-01-01,1788.8,ALAGRRGSP
16,2013-01-01,2986.4,ALAGRRGSP
17,2014-01-01,2590.7,ALAGRRGSP
18,2015-01-01,3185.3,ALAGRRGSP
19,2016-01-01,2781.6,ALAGRRGSP
20,2017-01-01,3050.1,ALAGRRGSP
21,2018-01-01,3185.1,ALAGRRGSP
22,2019-01-01,2666.7,ALAGRRGSP
23,2020-01-01,2190.3,ALAGRRGSP
24,2021-01-01,2871.0,ALAGRRGSP
25,2022-01-01,3629.6,ALAGRRGSP
0,1997-01-01,705.5,MAAGRRGSP
1,1998-01-01,609.3,MAAGRRGSP
2,1999-01-01,699.7,MAAGRRGSP
3,2000-01-01,840.0,MAAGRRGSP
4,2001-01-01,888.4,MAAGRRGSP
5,2002-01-01,958.1,MAAGRRGSP
6,2003-01-01,943.5,MAAGRRGSP
7,2004-01-01,927.9,MAAGRRGSP
8,2005-01-01,1055.5,MAAGRRGSP
9,2006-01-01,1273.9,MAAGRRGSP
10,2007-01-01,1066.7,MAAGRRGSP
11,2008-01-01,1072.7,MAAGRRGSP
12,2009-01-01,1255.0,MAAGRRGSP
13,2010-01-01,1359.7,MAAGRRGSP
14,2011-01-01,1093.9,MAAGRRGSP
15,2012-01-01,1078.8,MAAGRRGSP
16,2013-01-01,901.7,MAAGRRGSP
17,2014-01-01,708.8,MAAGRRGSP
18,2015-01-01,784.4,MAAGRRGSP
19,2016-01-01,757.6,MAAGRRGSP
20,2017-01-01,770.5,MAAGRRGSP
21,2018-01-01,769.1,MAAGRRGSP
22,2019-01-01,810.1,MAAGRRGSP
23,2020-01-01,745.1,MAAGRRGSP
24,2021-01-01,749.2,MAAGRRGSP
25,2022-01-01,686.1,MAAGRRGSP
0,1997-01-01,3429.6,ARAGRRGSP
1,1998-01-01,3127.6,ARAGRRGSP
2,1999-01-01,3344.8,ARAGRRGSP
3,2000-01-01,3345.1,ARAGRRGSP
4,2001-01-01,3484.9,ARAGRRGSP
5,2002-01-01,3140.9,ARAGRRGSP
6,2003-01-01,3925.4,ARAGRRGSP
7,2004-01-01,4822.4,ARAGRRGSP
8,2005-01-01,4243.8,ARAGRRGSP
9,2006-01-01,4212.8,ARAGRRGSP
10,2007-01-01,3642.4,ARAGRRGSP
11,2008-01-01,3528.9,ARAGRRGSP
12,2009-01-01,3377.6,ARAGRRGSP
13,2010-01-01,2738.6,ARAGRRGSP
14,2011-01-01,2315.5,ARAGRRGSP
15,2012-01-01,2568.4,ARAGRRGSP
16,2013-01-01,3735.7,ARAGRRGSP
17,2014-01-01,3511.3,ARAGRRGSP
18,2015-01-01,3432.6,ARAGRRGSP
19,2016-01-01,3371.2,ARAGRRGSP
20,2017-01-01,3841.2,ARAGRRGSP
21,2018-01-01,3745.6,ARAGRRGSP
22,2019-01-01,2548.3,ARAGRRGSP
23,2020-01-01,2639.7,ARAGRRGSP
24,2021-01-01,3414.2,ARAGRRGSP
25,2022-01-01,4161.9,ARAGRRGSP
0,1997-01-01,3535.5,WIAGRRGSP
1,1998-01-01,4053.1,WIAGRRGSP
2,1999-01-01,4100.4,WIAGRRGSP
3,2000-01-01,3934.0,WIAGRRGSP
4,2001-01-01,4498.4,WIAGRRGSP
5,2002-01-01,4584.8,WIAGRRGSP
6,2003-01-01,4706.3,WIAGRRGSP
7,2004-01-01,5071.6,WIAGRRGSP
8,2005-01-01,5254.8,WIAGRRGSP
9,2006-01-01,5457.2,WIAGRRGSP
10,2007-01-01,5384.7,WIAGRRGSP
11,2008-01-01,4612.2,WIAGRRGSP
12,2009-01-01,4383.9,WIAGRRGSP
13,2010-01-01,5073.0,WIAGRRGSP
14,2011-01-01,5302.6,WIAGRRGSP
15,2012-01-01,4938.1,WIAGRRGSP
16,2013-01-01,5245.9,WIAGRRGSP
17,2014-01-01,5967.5,WIAGRRGSP
18,2015-01-01,6594.4,WIAGRRGSP
19,2016-01-01,6511.4,WIAGRRGSP
20,2017-01-01,6347.8,WIAGRRGSP
21,2018-01-01,6511.9,WIAGRRGSP
22,2019-01-01,6556.7,WIAGRRGSP
23,2020-01-01,7006.7,WIAGRRGSP
24,2021-01-01,5701.9,WIAGRRGSP
25,2022-01-01,6820.6,WIAGRRGSP
0,1997-01-01,432.7,HIAGRRGSP
1,1998-01-01,458.1,HIAGRRGSP
2,1999-01-01,547.6,HIAGRRGSP
3,2000-01-01,591.1,HIAGRRGSP
4,2001-01-01,547.3,HIAGRRGSP
5,2002-01-01,639.7,HIAGRRGSP
6,2003-01-01,622.3,HIAGRRGSP
7,2004-01-01,550.3,HIAGRRGSP
8,2005-01-01,647.0,HIAGRRGSP
9,2006-01-01,702.1,HIAGRRGSP
10,2007-01-01,510.5,HIAGRRGSP
11,2008-01-01,517.9,HIAGRRGSP
12,2009-01-01,709.7,HIAGRRGSP
13,2010-01-01,638.8,HIAGRRGSP
14,2011-01-01,568.9,HIAGRRGSP
15,2012-01-01,532.9,HIAGRRGSP
16,2013-01-01,499.6,HIAGRRGSP
17,2014-01-01,489.0,HIAGRRGSP
18,2015-01-01,593.1,HIAGRRGSP
19,2016-01-01,602.9,HIAGRRGSP
20,2017-01-01,621.7,HIAGRRGSP
21,2018-01-01,565.6,HIAGRRGSP
22,2019-01-01,507.9,HIAGRRGSP
23,2020-01-01,463.4,HIAGRRGSP
24,2021-01-01,335.8,HIAGRRGSP
0,1997-01-01,1391.8,NDAGRRGSP
1,1998-01-01,1965.2,NDAGRRGSP
2,1999-01-01,1331.1,NDAGRRGSP
3,2000-01-01,1753.9,NDAGRRGSP
4,2001-01-01,1478.7,NDAGRRGSP
5,2002-01-01,2037.8,NDAGRRGSP
6,2003-01-01,2814.4,NDAGRRGSP
7,2004-01-01,2106.6,NDAGRRGSP
8,2005-01-01,2277.0,NDAGRRGSP
9,2006-01-01,2557.7,NDAGRRGSP
10,2007-01-01,3124.4,NDAGRRGSP
11,2008-01-01,3957.3,NDAGRRGSP
12,2009-01-01,4152.0,NDAGRRGSP
13,2010-01-01,3761.6,NDAGRRGSP
14,2011-01-01,3110.2,NDAGRRGSP
15,2012-01-01,4932.2,NDAGRRGSP
16,2013-01-01,3437.5,NDAGRRGSP
17,2014-01-01,3178.6,NDAGRRGSP
18,2015-01-01,3302.1,NDAGRRGSP
19,2016-01-01,4204.0,NDAGRRGSP
20,2017-01-01,4066.7,NDAGRRGSP
21,2018-01-01,4519.1,NDAGRRGSP
22,2019-01-01,3656.0,NDAGRRGSP
23,2020-01-01,4258.0,NDAGRRGSP
24,2021-01-01,4158.6,NDAGRRGSP
25,2022-01-01,4107.8,NDAGRRGSP
0,1997-01-01,3790.8,GAAGRRGSP
1,1998-01-01,3974.1,GAAGRRGSP
2,1999-01-01,4288.2,GAAGRRGSP
3,2000-01-01,4634.2,GAAGRRGSP
4,2001-01-01,4758.7,GAAGRRGSP
5,2002-01-01,3903.3,GAAGRRGSP
6,2003-01-01,4500.9,GAAGRRGSP
7,2004-01-01,4557.9,GAAGRRGSP
8,2005-01-01,5239.7,GAAGRRGSP
9,2006-01-01,4723.4,GAAGRRGSP
10,2007-01-01,4198.7,GAAGRRGSP
11,2008-01-01,4445.6,GAAGRRGSP
12,2009-01-01,5173.1,GAAGRRGSP
13,2010-01-01,3965.0,GAAGRRGSP
14,2011-01-01,3517.8,GAAGRRGSP
15,2012-01-01,4176.9,GAAGRRGSP
16,2013-01-01,4220.8,GAAGRRGSP
17,2014-01-01,3905.2,GAAGRRGSP
18,2015-01-01,5271.7,GAAGRRGSP
19,2016-01-01,5102.6,GAAGRRGSP
20,2017-01-01,5396.0,GAAGRRGSP
21,2018-01-01,5307.2,GAAGRRGSP
22,2019-01-01,4689.2,GAAGRRGSP
23,2020-01-01,4454.3,GAAGRRGSP
24,2021-01-01,3935.3,GAAGRRGSP
25,2022-01-01,5113.0,GAAGRRGSP
0,1997-01-01,3636.2,OHAGRRGSP
1,1998-01-01,3168.9,OHAGRRGSP
2,1999-01-01,2497.1,OHAGRRGSP
3,2000-01-01,3434.4,OHAGRRGSP
4,2001-01-01,3023.4,OHAGRRGSP
5,2002-01-01,3037.9,OHAGRRGSP
6,2003-01-01,3121.1,OHAGRRGSP
7,2004-01-01,3796.8,OHAGRRGSP
8,2005-01-01,3545.1,OHAGRRGSP
9,2006-01-01,3922.4,OHAGRRGSP
10,2007-01-01,3435.9,OHAGRRGSP
11,2008-01-01,3373.7,OHAGRRGSP
12,2009-01-01,4763.0,OHAGRRGSP
13,2010-01-01,4018.9,OHAGRRGSP
14,2011-01-01,4549.1,OHAGRRGSP
15,2012-01-01,3773.6,OHAGRRGSP
16,2013-01-01,4877.2,OHAGRRGSP
17,2014-01-01,4609.9,OHAGRRGSP
18,2015-01-01,3814.5,OHAGRRGSP
19,2016-01-01,3966.6,OHAGRRGSP
20,2017-01-01,4704.7,OHAGRRGSP
21,2018-01-01,5566.2,OHAGRRGSP
22,2019-01-01,3983.4,OHAGRRGSP
23,2020-01-01,5477.6,OHAGRRGSP
24,2021-01-01,5323.6,OHAGRRGSP
25,2022-01-01,5889.8,OHAGRRGSP
0,1997-01-01,779.2,MDAGRRGSP
1,1998-01-01,848.6,MDAGRRGSP
2,1999-01-01,945.4,MDAGRRGSP
3,2000-01-01,1150.1,MDAGRRGSP
4,2001-01-01,1103.7,MDAGRRGSP
5,2002-01-01,910.3,MDAGRRGSP
6,2003-01-01,941.6,MDAGRRGSP
7,2004-01-01,1137.8,MDAGRRGSP
8,2005-01-01,1198.5,MDAGRRGSP
9,2006-01-01,1234.2,MDAGRRGSP
10,2007-01-01,959.8,MDAGRRGSP
11,2008-01-01,1040.2,MDAGRRGSP
12,2009-01-01,1299.9,MDAGRRGSP
13,2010-01-01,1071.1,MDAGRRGSP
14,2011-01-01,972.0,MDAGRRGSP
15,2012-01-01,1037.9,MDAGRRGSP
16,2013-01-01,1207.5,MDAGRRGSP
17,2014-01-01,1164.0,MDAGRRGSP
18,2015-01-01,1178.2,MDAGRRGSP
19,2016-01-01,1253.5,MDAGRRGSP
20,2017-01-01,1391.2,MDAGRRGSP
21,2018-01-01,1251.1,MDAGRRGSP
22,2019-01-01,1352.7,MDAGRRGSP
23,2020-01-01,977.7,MDAGRRGSP
24,2021-01-01,1169.1,MDAGRRGSP
25,2022-01-01,1270.7,MDAGRRGSP
0,1997-01-01,3247.5,TNAGRRGSP
1,1998-01-01,3345.1,TNAGRRGSP
2,1999-01-01,2978.1,TNAGRRGSP
3,2000-01-01,3548.3,TNAGRRGSP
4,2001-01-01,3715.1,TNAGRRGSP
5,2002-01-01,3413.8,TNAGRRGSP
6,2003-01-01,3286.9,TNAGRRGSP
7,2004-01-01,2855.0,TNAGRRGSP
8,2005-01-01,2683.4,TNAGRRGSP
9,2006-01-01,3368.7,TNAGRRGSP
10,2007-01-01,2433.4,TNAGRRGSP
11,2008-01-01,2698.6,TNAGRRGSP
12,2009-01-01,2406.2,TNAGRRGSP
13,2010-01-01,1599.7,TNAGRRGSP
14,2011-01-01,1745.8,TNAGRRGSP
15,2012-01-01,1354.9,TNAGRRGSP
16,2013-01-01,2026.9,TNAGRRGSP
17,2014-01-01,1695.7,TNAGRRGSP
18,2015-01-01,2028.9,TNAGRRGSP
19,2016-01-01,1878.2,TNAGRRGSP
20,2017-01-01,1912.0,TNAGRRGSP
21,2018-01-01,1741.1,TNAGRRGSP
22,2019-01-01,1846.9,TNAGRRGSP
23,2020-01-01,1654.2,TNAGRRGSP
24,2021-01-01,2005.9,TNAGRRGSP
25,2022-01-01,1470.7,TNAGRRGSP
0,1997-01-01,1893.7,AZAGRRGSP
1,1998-01-01,2174.0,AZAGRRGSP
2,1999-01-01,2278.2,AZAGRRGSP
3,2000-01-01,2516.7,AZAGRRGSP
4,2001-01-01,2310.2,AZAGRRGSP
5,2002-01-01,2621.5,AZAGRRGSP
6,2003-01-01,2402.1,AZAGRRGSP
7,2004-01-01,2825.2,AZAGRRGSP
8,2005-01-01,2989.1,AZAGRRGSP
9,2006-01-01,2819.1,AZAGRRGSP
10,2007-01-01,2613.2,AZAGRRGSP
11,2008-01-01,1962.6,AZAGRRGSP
12,2009-01-01,1941.3,AZAGRRGSP
13,2010-01-01,2113.6,AZAGRRGSP
14,2011-01-01,2432.7,AZAGRRGSP
15,2012-01-01,1876.6,AZAGRRGSP
16,2013-01-01,2253.4,AZAGRRGSP
17,2014-01-01,2178.6,AZAGRRGSP
18,2015-01-01,2760.8,AZAGRRGSP
19,2016-01-01,3477.9,AZAGRRGSP
20,2017-01-01,3213.2,AZAGRRGSP
21,2018-01-01,3328.3,AZAGRRGSP
22,2019-01-01,3299.7,AZAGRRGSP
23,2020-01-01,3396.9,AZAGRRGSP
24,2021-01-01,2654.7,AZAGRRGSP
25,2022-01-01,2269.0,AZAGRRGSP
0,1997-01-01,1926.6,COAGRRGSP
1,1998-01-01,2120.4,COAGRRGSP
2,1999-01-01,2357.8,COAGRRGSP
3,2000-01-01,2509.6,COAGRRGSP
4,2001-01-01,2868.1,COAGRRGSP
5,2002-01-01,2579.8,COAGRRGSP
6,2003-01-01,2394.8,COAGRRGSP
7,2004-01-01,2663.6,COAGRRGSP
8,2005-01-01,3218.6,COAGRRGSP
9,2006-01-01,3162.1,COAGRRGSP
10,2007-01-01,3027.9,COAGRRGSP
11,2008-01-01,2627.4,COAGRRGSP
12,2009-01-01,3179.2,COAGRRGSP
13,2010-01-01,3052.5,COAGRRGSP
14,2011-01-01,2851.4,COAGRRGSP
15,2012-01-01,2546.7,COAGRRGSP
16,2013-01-01,2564.6,COAGRRGSP
17,2014-01-01,2831.7,COAGRRGSP
18,2015-01-01,3430.0,COAGRRGSP
19,2016-01-01,3753.2,COAGRRGSP
20,2017-01-01,3121.0,COAGRRGSP
21,2018-01-01,3341.0,COAGRRGSP
22,2019-01-01,3427.8,COAGRRGSP
23,2020-01-01,3540.8,COAGRRGSP
24,2021-01-01,2839.1,COAGRRGSP
25,2022-01-01,2043.8,COAGRRGSP
0,1997-01-01,2177.1,IDAGRRGSP
1,1998-01-01,2448.8,IDAGRRGSP
2,1999-01-01,2697.8,IDAGRRGSP
3,2000-01-01,2985.4,IDAGRRGSP
4,2001-01-01,2989.4,IDAGRRGSP
5,2002-01-01,3288.7,IDAGRRGSP
6,2003-01-01,2735.3,IDAGRRGSP
7,2004-01-01,3305.5,IDAGRRGSP
8,2005-01-01,3375.4,IDAGRRGSP
9,2006-01-01,3633.7,IDAGRRGSP
10,2007-01-01,3574.6,IDAGRRGSP
11,2008-01-01,3590.7,IDAGRRGSP
12,2009-01-01,3368.0,IDAGRRGSP
13,2010-01-01,3494.4,IDAGRRGSP
14,2011-01-01,3505.1,IDAGRRGSP
15,2012-01-01,3427.8,IDAGRRGSP
16,2013-01-01,3662.3,IDAGRRGSP
17,2014-01-01,4159.0,IDAGRRGSP
18,2015-01-01,4453.7,IDAGRRGSP
19,2016-01-01,4981.1,IDAGRRGSP
20,2017-01-01,4280.7,IDAGRRGSP
21,2018-01-01,4847.3,IDAGRRGSP
22,2019-01-01,5131.9,IDAGRRGSP
23,2020-01-01,5047.5,IDAGRRGSP
24,2021-01-01,3600.1,IDAGRRGSP
25,2022-01-01,3907.8,IDAGRRGSP
0,1997-01-01,751.3,NJAGRRGSP
1,1998-01-01,762.6,NJAGRRGSP
2,1999-01-01,778.7,NJAGRRGSP
3,2000-01-01,1037.7,NJAGRRGSP
4,2001-01-01,875.6,NJAGRRGSP
5,2002-01-01,979.9,NJAGRRGSP
6,2003-01-01,958.5,NJAGRRGSP
7,2004-01-01,909.5,NJAGRRGSP
8,2005-01-01,1043.9,NJAGRRGSP
9,2006-01-01,1228.7,NJAGRRGSP
10,2007-01-01,978.4,NJAGRRGSP
11,2008-01-01,873.4,NJAGRRGSP
12,2009-01-01,1109.0,NJAGRRGSP
13,2010-01-01,949.8,NJAGRRGSP
14,2011-01-01,832.1,NJAGRRGSP
15,2012-01-01,823.0,NJAGRRGSP
16,2013-01-01,773.9,NJAGRRGSP
17,2014-01-01,777.3,NJAGRRGSP
18,2015-01-01,995.8,NJAGRRGSP
19,2016-01-01,1143.2,NJAGRRGSP
20,2017-01-01,1094.6,NJAGRRGSP
21,2018-01-01,1112.5,NJAGRRGSP
22,2019-01-01,1306.6,NJAGRRGSP
23,2020-01-01,1197.7,NJAGRRGSP
24,2021-01-01,1008.0,NJAGRRGSP
25,2022-01-01,916.4,NJAGRRGSP
0,1997-01-01,1829.5,LAAGRRGSP
1,1998-01-01,1461.7,LAAGRRGSP
2,1999-01-01,1604.5,LAAGRRGSP
3,2000-01-01,1651.2,LAAGRRGSP
4,2001-01-01,1742.0,LAAGRRGSP
5,2002-01-01,1659.7,LAAGRRGSP
6,2003-01-01,1974.3,LAAGRRGSP
7,2004-01-01,1851.7,LAAGRRGSP
8,2005-01-01,1868.8,LAAGRRGSP
9,2006-01-01,2126.9,LAAGRRGSP
10,2007-01-01,1837.8,LAAGRRGSP
11,2008-01-01,1665.4,LAAGRRGSP
12,2009-01-01,2182.8,LAAGRRGSP
13,2010-01-01,2268.8,LAAGRRGSP
14,2011-01-01,1901.5,LAAGRRGSP
15,2012-01-01,2102.6,LAAGRRGSP
16,2013-01-01,2291.6,LAAGRRGSP
17,2014-01-01,2025.4,LAAGRRGSP
18,2015-01-01,1952.9,LAAGRRGSP
19,2016-01-01,2114.8,LAAGRRGSP
20,2017-01-01,2138.9,LAAGRRGSP
21,2018-01-01,2218.9,LAAGRRGSP
22,2019-01-01,2036.0,LAAGRRGSP
23,2020-01-01,2241.0,LAAGRRGSP
24,2021-01-01,1812.7,LAAGRRGSP
25,2022-01-01,1920.7,LAAGRRGSP
0,1997-01-01,2301.5,MSAGRRGSP
1,1998-01-01,2243.8,MSAGRRGSP
2,1999-01-01,2299.1,MSAGRRGSP
3,2000-01-01,2211.5,MSAGRRGSP
4,2001-01-01,2490.6,MSAGRRGSP
5,2002-01-01,2054.7,MSAGRRGSP
6,2003-01-01,2715.9,MSAGRRGSP
7,2004-01-01,3387.3,MSAGRRGSP
8,2005-01-01,3283.9,MSAGRRGSP
9,2006-01-01,2380.6,MSAGRRGSP
10,2007-01-01,2297.8,MSAGRRGSP
11,2008-01-01,2042.5,MSAGRRGSP
12,2009-01-01,2445.8,MSAGRRGSP
13,2010-01-01,2568.0,MSAGRRGSP
14,2011-01-01,1826.2,MSAGRRGSP
15,2012-01-01,1894.0,MSAGRRGSP
16,2013-01-01,3174.5,MSAGRRGSP
17,2014-01-01,2636.0,MSAGRRGSP
18,2015-01-01,2664.6,MSAGRRGSP
19,2016-01-01,2660.4,MSAGRRGSP
20,2017-01-01,3345.1,MSAGRRGSP
21,2018-01-01,3257.1,MSAGRRGSP
22,2019-01-01,2774.6,MSAGRRGSP
23,2020-01-01,2431.8,MSAGRRGSP
24,2021-01-01,2815.5,MSAGRRGSP
25,2022-01-01,2952.2,MSAGRRGSP
0,1997-01-01,282.8,WVAGRRGSP
1,1998-01-01,281.9,WVAGRRGSP
2,1999-01-01,265.9,WVAGRRGSP
3,2000-01-01,330.3,WVAGRRGSP
4,2001-01-01,355.5,WVAGRRGSP
5,2002-01-01,290.2,WVAGRRGSP
6,2003-01-01,310.8,WVAGRRGSP
7,2004-01-01,367.3,WVAGRRGSP
8,2005-01-01,399.2,WVAGRRGSP
9,2006-01-01,384.4,WVAGRRGSP
10,2007-01-01,279.4,WVAGRRGSP
11,2008-01-01,316.8,WVAGRRGSP
12,2009-01-01,334.1,WVAGRRGSP
13,2010-01-01,305.0,WVAGRRGSP
14,2011-01-01,314.3,WVAGRRGSP
15,2012-01-01,273.2,WVAGRRGSP
16,2013-01-01,324.2,WVAGRRGSP
17,2014-01-01,358.0,WVAGRRGSP
18,2015-01-01,386.5,WVAGRRGSP
19,2016-01-01,392.7,WVAGRRGSP
20,2017-01-01,449.6,WVAGRRGSP
21,2018-01-01,421.3,WVAGRRGSP
22,2019-01-01,424.8,WVAGRRGSP
23,2020-01-01,377.2,WVAGRRGSP
24,2021-01-01,328.5,WVAGRRGSP
25,2022-01-01,485.4,WVAGRRGSP
0,1997-01-01,1942.7,OKAGRRGSP
1,1998-01-01,1705.2,OKAGRRGSP
2,1999-01-01,2142.0,OKAGRRGSP
3,2000-01-01,2660.6,OKAGRRGSP
4,2001-01-01,2281.4,OKAGRRGSP
5,2002-01-01,2892.6,OKAGRRGSP
6,2003-01-01,2710.3,OKAGRRGSP
7,2004-01-01,3206.0,OKAGRRGSP
8,2005-01-01,3596.4,OKAGRRGSP
9,2006-01-01,2980.6,OKAGRRGSP
10,2007-01-01,2322.0,OKAGRRGSP
11,2008-01-01,2497.7,OKAGRRGSP
12,2009-01-01,2105.4,OKAGRRGSP
13,2010-01-01,2829.5,OKAGRRGSP
14,2011-01-01,2784.3,OKAGRRGSP
15,2012-01-01,3042.3,OKAGRRGSP
16,2013-01-01,2950.4,OKAGRRGSP
17,2014-01-01,3596.1,OKAGRRGSP
18,2015-01-01,3897.7,OKAGRRGSP
19,2016-01-01,3634.0,OKAGRRGSP
20,2017-01-01,3799.8,OKAGRRGSP
21,2018-01-01,3901.2,OKAGRRGSP
22,2019-01-01,3624.2,OKAGRRGSP
23,2020-01-01,3386.6,OKAGRRGSP
24,2021-01-01,2865.2,OKAGRRGSP
25,2022-01-01,1979.1,OKAGRRGSP
0,1997-01-01,477.6,AKAGRRGSP
1,1998-01-01,383.0,AKAGRRGSP
2,1999-01-01,412.5,AKAGRRGSP
3,2000-01-01,476.8,AKAGRRGSP
4,2001-01-01,449.7,AKAGRRGSP
5,2002-01-01,413.1,AKAGRRGSP
6,2003-01-01,461.5,AKAGRRGSP
7,2004-01-01,399.2,AKAGRRGSP
8,2005-01-01,446.7,AKAGRRGSP
9,2006-01-01,469.7,AKAGRRGSP
10,2007-01-01,406.7,AKAGRRGSP
11,2008-01-01,470.4,AKAGRRGSP
12,2009-01-01,476.9,AKAGRRGSP
13,2010-01-01,547.1,AKAGRRGSP
14,2011-01-01,623.2,AKAGRRGSP
15,2012-01-01,550.9,AKAGRRGSP
16,2013-01-01,541.8,AKAGRRGSP
17,2014-01-01,499.0,AKAGRRGSP
18,2015-01-01,470.5,AKAGRRGSP
19,2016-01-01,394.3,AKAGRRGSP
20,2017-01-01,384.4,AKAGRRGSP
21,2018-01-01,379.8,AKAGRRGSP
22,2019-01-01,393.9,AKAGRRGSP
23,2020-01-01,364.3,AKAGRRGSP
24,2021-01-01,355.9,AKAGRRGSP
25,2022-01-01,228.1,AKAGRRGSP
0,1997-01-01,0.8,DCAGRRGSP
1,1998-01-01,1.0,DCAGRRGSP
2,1999-01-01,1.0,DCAGRRGSP
3,2000-01-01,1.1,DCAGRRGSP
4,2001-01-01,0.9,DCAGRRGSP
5,2002-01-01,0.8,DCAGRRGSP
6,2003-01-01,0.8,DCAGRRGSP
7,2004-01-01,0.9,DCAGRRGSP
8,2005-01-01,0.7,DCAGRRGSP
9,2006-01-01,0.9,DCAGRRGSP
10,2007-01-01,0.3,DCAGRRGSP
11,2008-01-01,0.1,DCAGRRGSP
12,2009-01-01,0.1,DCAGRRGSP
13,2010-01-01,0.4,DCAGRRGSP
14,2011-01-01,0.5,DCAGRRGSP
15,2012-01-01,0.6,DCAGRRGSP
16,2013-01-01,0.5,DCAGRRGSP
17,2014-01-01,0.5,DCAGRRGSP
18,2015-01-01,0.6,DCAGRRGSP
19,2016-01-01,1.0,DCAGRRGSP
20,2017-01-01,1.5,DCAGRRGSP
21,2018-01-01,1.4,DCAGRRGSP
22,2019-01-01,2.8,DCAGRRGSP
23,2020-01-01,2.2,DCAGRRGSP
24,2021-01-01,5.1,DCAGRRGSP
0,1997-01-01,3602.9,MNAGRRGSP
1,1998-01-01,3970.6,MNAGRRGSP
2,1999-01-01,3394.1,MNAGRRGSP
3,2000-01-01,3975.5,MNAGRRGSP
4,2001-01-01,3423.9,MNAGRRGSP
5,2002-01-01,4492.2,MNAGRRGSP
6,2003-01-01,5034.2,MNAGRRGSP
7,2004-01-01,5637.2,MNAGRRGSP
8,2005-01-01,6533.7,MNAGRRGSP
9,2006-01-01,7370.9,MNAGRRGSP
10,2007-01-01,5939.1,MNAGRRGSP
11,2008-01-01,7831.9,MNAGRRGSP
12,2009-01-01,7168.1,MNAGRRGSP
13,2010-01-01,7411.0,MNAGRRGSP
14,2011-01-01,7117.7,MNAGRRGSP
15,2012-01-01,8700.2,MNAGRRGSP
16,2013-01-01,8428.0,MNAGRRGSP
17,2014-01-01,7763.3,MNAGRRGSP
18,2015-01-01,7932.5,MNAGRRGSP
19,2016-01-01,7563.4,MNAGRRGSP
20,2017-01-01,7806.2,MNAGRRGSP
21,2018-01-01,7515.4,MNAGRRGSP
22,2019-01-01,6758.0,MNAGRRGSP
23,2020-01-01,7852.5,MNAGRRGSP
24,2021-01-01,7642.9,MNAGRRGSP
25,2022-01-01,8395.3,MNAGRRGSP
0,1997-01-01,1829.1,NYAGRRGSP
1,1998-01-01,2163.7,NYAGRRGSP
2,1999-01-01,2455.4,NYAGRRGSP
3,2000-01-01,2721.1,NYAGRRGSP
4,2001-01-01,2786.1,NYAGRRGSP
5,2002-01-01,2559.5,NYAGRRGSP
6,2003-01-01,2579.0,NYAGRRGSP
7,2004-01-01,2777.8,NYAGRRGSP
8,2005-01-01,3192.6,NYAGRRGSP
9,2006-01-01,3298.6,NYAGRRGSP
10,2007-01-01,3062.2,NYAGRRGSP
11,2008-01-01,3309.5,NYAGRRGSP
12,2009-01-01,3154.6,NYAGRRGSP
13,2010-01-01,3519.3,NYAGRRGSP
14,2011-01-01,3174.0,NYAGRRGSP
15,2012-01-01,2863.7,NYAGRRGSP
16,2013-01-01,3207.1,NYAGRRGSP
17,2014-01-01,3568.7,NYAGRRGSP
18,2015-01-01,3287.0,NYAGRRGSP
19,2016-01-01,3536.6,NYAGRRGSP
20,2017-01-01,3757.8,NYAGRRGSP
21,2018-01-01,3526.4,NYAGRRGSP
22,2019-01-01,3997.8,NYAGRRGSP
23,2020-01-01,3655.9,NYAGRRGSP
24,2021-01-01,3244.0,NYAGRRGSP
25,2022-01-01,3302.2,NYAGRRGSP
0,1997-01-01,336.3,VTAGRRGSP
1,1998-01-01,386.1,VTAGRRGSP
2,1999-01-01,429.5,VTAGRRGSP
3,2000-01-01,477.0,VTAGRRGSP
4,2001-01-01,480.6,VTAGRRGSP
5,2002-01-01,419.1,VTAGRRGSP
6,2003-01-01,425.3,VTAGRRGSP
7,2004-01-01,473.1,VTAGRRGSP
8,2005-01-01,557.9,VTAGRRGSP
9,2006-01-01,493.8,VTAGRRGSP
10,2007-01-01,511.6,VTAGRRGSP
11,2008-01-01,526.1,VTAGRRGSP
12,2009-01-01,461.9,VTAGRRGSP
13,2010-01-01,511.9,VTAGRRGSP
14,2011-01-01,499.2,VTAGRRGSP
15,2012-01-01,449.6,VTAGRRGSP
16,2013-01-01,491.4,VTAGRRGSP
17,2014-01-01,600.2,VTAGRRGSP
18,2015-01-01,537.0,VTAGRRGSP
19,2016-01-01,570.5,VTAGRRGSP
20,2017-01-01,561.8,VTAGRRGSP
21,2018-01-01,533.4,VTAGRRGSP
22,2019-01-01,621.3,VTAGRRGSP
23,2020-01-01,516.4,VTAGRRGSP
24,2021-01-01,416.2,VTAGRRGSP
25,2022-01-01,450.7,VTAGRRGSP
0,1997-01-01,6917.1,IAAGRRGSP
1,1998-01-01,5086.8,IAAGRRGSP
2,1999-01-01,3636.7,IAAGRRGSP
3,2000-01-01,5099.4,IAAGRRGSP
4,2001-01-01,4694.2,IAAGRRGSP
5,2002-01-01,6556.7,IAAGRRGSP
6,2003-01-01,6106.7,IAAGRRGSP
7,2004-01-01,8946.7,IAAGRRGSP
8,2005-01-01,7726.0,IAAGRRGSP
9,2006-01-01,8099.6,IAAGRRGSP
10,2007-01-01,8131.1,IAAGRRGSP
11,2008-01-01,9452.6,IAAGRRGSP
12,2009-01-01,9621.0,IAAGRRGSP
13,2010-01-01,8793.8,IAAGRRGSP
14,2011-01-01,10952.2,IAAGRRGSP
15,2012-01-01,10470.8,IAAGRRGSP
16,2013-01-01,12449.2,IAAGRRGSP
17,2014-01-01,11902.4,IAAGRRGSP
18,2015-01-01,11641.3,IAAGRRGSP
19,2016-01-01,11518.4,IAAGRRGSP
20,2017-01-01,11730.3,IAAGRRGSP
21,2018-01-01,12758.1,IAAGRRGSP
22,2019-01-01,11810.6,IAAGRRGSP
23,2020-01-01,10169.8,IAAGRRGSP
24,2021-01-01,12453.5,IAAGRRGSP
25,2022-01-01,6456.7,IAAGRRGSP
